,number,values_0,values_1,datetime_start,datetime_complete,duration,params_lda1,params_psi_2,params_psi_3,params_rho,user_attrs_metrics,system_attrs_nsga2:generation,state
0,0,0.5,0.9999999999999997,2024-05-20 08:41:41.631826,2024-05-20 08:41:47.501391,0 days 00:00:05.869565,1.9573148477791165,65.30279867617524,0.009909697502455343,0.9943508988011197,"{'AUC_ROCs': [0.5, 0.5, 0.5], 'S_relative_errors': [0.9999999999999998, 0.9999999999999998, 0.9999999999999996], 'X_relative_errors': [6.52370599221971, 6.763686705662284, 6.4219100574620125], 'Sparsity': [0.0, 0.0, 0.0], 'converged': [1, 1, 1], 'iterations': [68, 68, 68], 'primal_residual': [0.0007933084829524663, 0.0007661821334203645, 0.0007995746857614501], 'dual_residual': [0.0007933084829524663, 0.0007661821334203645, 0.0007995746857614501], 'times': [1.5178793417289853, 1.2740902800578624, 1.4618745737243444]}",0,COMPLETE
1,1,0.998576617844452,0.1523953516200901,2024-05-20 08:41:47.504336,2024-05-20 08:41:51.947936,0 days 00:00:04.443600,0.000174197207550105,21.786358414748225,65.20387686204961,0.40548179950614455,"{'AUC_ROCs': [0.9984466193050539, 0.998443070306071, 0.9988401639222306], 'S_relative_errors': [0.1536180421183113, 0.14784969751325996, 0.15571831522869903], 'X_relative_errors': [0.9999976386761962, 0.9999980523854312, 0.9999977278184811], 'Sparsity': [0.9982204081632653, 0.9981795918367347, 0.9984897959183674], 'converged': [1, 1, 1], 'iterations': [16, 16, 16], 'primal_residual': [0.0006307451205005223, 0.000625349358096779, 0.0005635785981561102], 'dual_residual': [0.0006307451205005223, 0.000625349358096779, 0.0005635785981561102], 'times': [0.5019204211421311, 0.3181574437767267, 0.6639635658357292]}",0,COMPLETE
2,2,0.994158691907646,0.038488974792871125,2024-05-20 08:41:51.951759,2024-05-20 08:41:54.634051,0 days 00:00:02.682292,0.002607855926386806,0.06052837167278795,22.27668318564384,5.323739143855998e-05,"{'AUC_ROCs': [0.9935862691960253, 0.9947700631199279, 0.9941197434069851], 'S_relative_errors': [0.03890085930994227, 0.036620562395076044, 0.03994550267359506], 'X_relative_errors': [0.7631227468203744, 0.7627871082803487, 0.7644720283046098], 'Sparsity': [0.04460408163265306, 0.04479183673469388, 0.0452734693877551], 'converged': [0, 0, 0], 'iterations': [150, 150, 150], 'primal_residual': [9.133773848771023, 8.724828654118701, 9.276354276857997], 'dual_residual': [9.133773848771023, 8.724828654118701, 9.276354276857997], 'times': [1.722541453083977, 1.938028774689883, 1.6028241619933397]}",0,COMPLETE
3,3,0.5086790180167986,0.9653197379840339,2024-05-20 08:41:54.638244,2024-05-20 08:41:56.872340,0 days 00:00:02.234096,0.0022848972349277788,4.33581489761908,1.6136559931481462,1.5493380614689603e-05,"{'AUC_ROCs': [0.5085817524841915, 0.5068530207394049, 0.5106022808267997], 'S_relative_errors': [0.9632750722091449, 0.9750974943381694, 0.9575866474047874], 'X_relative_errors': [1.7352130717591254, 1.8110058955180457, 1.7069332540824673], 'Sparsity': [0.0007755102040816326, 0.0006204081632653061, 0.0009714285714285714], 'converged': [0, 0, 0], 'iterations': [150, 150, 150], 'primal_residual': [58.43638060390025, 58.806103799174586, 58.70387824109496], 'dual_residual': [58.43638060390025, 58.806103799174586, 58.70387824109496], 'times': [1.541191308759153, 1.5384975119959563, 1.5486296550370753]}",0,COMPLETE
4,4,0.9957162175182531,0.03621511570606692,2024-05-20 08:41:56.875165,2024-05-20 08:41:58.746085,0 days 00:00:01.870920,1.138553088057575,14.611003262879679,1.1263745657198998,0.047956121267525575,"{'AUC_ROCs': [0.9952115695169121, 0.9963929357275554, 0.9955441473102921], 'S_relative_errors': [0.03717759187801784, 0.034125664290486454, 0.03734209094969646], 'X_relative_errors': [0.765926931613458, 0.7649351780891255, 0.7656554161777582], 'Sparsity': [0.044889795918367344, 0.04498775510204082, 0.04562448979591837], 'converged': [0, 0, 0], 'iterations': [150, 150, 150], 'primal_residual': [8.991639006529779, 8.59201683514803, 9.18676748148661], 'dual_residual': [8.991639006529779, 8.59201683514803, 9.18676748148661], 'times': [1.5555908128153533, 1.4114476104732603, 1.407324304804206]}",0,COMPLETE
5,5,0.5,0.9999999999999997,2024-05-20 08:41:58.749981,2024-05-20 08:42:00.472596,0 days 00:00:01.722615,0.9385562171777149,0.004152636091532766,38.809241211988905,1.2702234665259228e-05,"{'AUC_ROCs': [0.5, 0.5, 0.5], 'S_relative_errors': [0.9999999999999998, 0.9999999999999998, 0.9999999999999996], 'X_relative_errors': [1.7862600578336565, 1.8499224342221958, 1.773239481589429], 'Sparsity': [0.0, 0.0, 0.0], 'converged': [0, 0, 0], 'iterations': [150, 150, 150], 'primal_residual': [60.6478485082238, 60.25749070084811, 61.167971600939914], 'dual_residual': [60.6478485082238, 60.25749070084811, 61.167971600939914], 'times': [1.4114594333805144, 1.3979883689898998, 1.4297597331460565]}",0,COMPLETE
6,6,0.9190164964435795,0.2830179157999046,2024-05-20 08:42:00.476530,2024-05-20 08:42:02.213840,0 days 00:00:01.737310,2.222780251672745,0.18404151323095638,0.8873231173450125,0.025712514514029377,"{'AUC_ROCs': [0.9192411924119241, 0.9220919747520289, 0.9157163221667854], 'S_relative_errors': [0.2804923657967479, 0.2806362181664095, 0.2879251634365562], 'X_relative_errors': [0.8986916279548315, 0.9104543811599849, 0.90612242167628], 'Sparsity': [0.037885714285714286, 0.038212244897959186, 0.03808979591836735], 'converged': [0, 0, 0], 'iterations': [150, 150, 150], 'primal_residual': [18.95374509406817, 18.65644133159301, 19.51355836991644], 'dual_residual': [18.95374509406817, 18.65644133159301, 19.51355836991644], 'times': [1.4151425550226122, 1.4058382054790854, 1.4483536824118346]}",0,COMPLETE
7,7,0.9981560189743189,0.15274402023570707,2024-05-20 08:42:02.215966,2024-05-20 08:42:03.208520,0 days 00:00:00.992554,0.001658300802894057,0.2886548216132734,0.521990116369553,0.40692399862327944,"{'AUC_ROCs': [0.9978260058927583, 0.9981212275620717, 0.998520823468127], 'S_relative_errors': [0.1546634077367462, 0.14784998469574082, 0.15571866827463426], 'X_relative_errors': [0.9999999975300451, 0.9999999973264316, 0.9999999975359429], 'Sparsity': [0.9965795918367347, 0.9966857142857143, 0.9967183673469387], 'converged': [1, 1, 1], 'iterations': [68, 66, 66], 'primal_residual': [0.000991118668029084, 0.0009807912930030042, 0.0009874904118034726], 'dual_residual': [0.000991118668029084, 0.0009807912930030042, 0.0009874904118034726], 'times': [0.6933236978948116, 0.6749823759309947, 0.7214375145267695]}",0,COMPLETE
8,8,0.9979505225757433,0.15274402025661646,2024-05-20 08:42:03.214150,2024-05-20 08:42:04.105655,0 days 00:00:00.891505,0.001959326717610729,0.0408189308265911,65.79414252243448,0.6223549647847252,"{'AUC_ROCs': [0.9978856511132002, 0.9976894460382769, 0.9982764705757526], 'S_relative_errors': [0.15466340774578732, 0.14784998473464142, 0.15571866828942066], 'X_relative_errors': [0.9999999975166938, 0.9999999974909843, 0.9999999976230692], 'Sparsity': [0.9967673469387756, 0.9969142857142858, 0.9970040816326531], 'converged': [1, 1, 1], 'iterations': [55, 52, 54], 'primal_residual': [0.0009880573200116793, 0.000976720149073889, 0.0009853776453759944], 'dual_residual': [0.0009880573200116793, 0.000976720149073889, 0.0009853776453759944], 'times': [0.5284881519619375, 0.5079283223021775, 0.5721748122014105]}",0,COMPLETE
9,9,0.9980389425468615,0.15250414266529103,2024-05-20 08:42:04.110922,2024-05-20 08:42:05.975001,0 days 00:00:01.864079,0.0032623546294550643,18.570413265147465,0.0016037411186048862,0.022470539602800804,"{'AUC_ROCs': [0.9976095286467863, 0.997967181893385, 0.9985401171004132], 'S_relative_errors': [0.15356033871623134, 0.14784706289541064, 0.15610502638423107], 'X_relative_errors': [0.99999376497002, 0.9999914244539249, 0.99999420773862], 'Sparsity': [0.9525469387755102, 0.9392897959183674, 0.9539918367346939], 'converged': [0, 0, 0], 'iterations': [150, 150, 150], 'primal_residual': [0.04922973180792064, 0.055347524092720465, 0.04853828916236636], 'dual_residual': [0.04922973180792064, 0.055347524092720465, 0.04853828916236636], 'times': [1.5409780226182193, 1.5751321751158684, 1.4687327060382813]}",0,COMPLETE
10,10,0.9880501537284196,0.07241898305205677,2024-05-20 08:42:05.982894,2024-05-20 08:42:07.798518,0 days 00:00:01.815624,0.0005972515529175519,0.17120676899839038,35.291281327444146,1.0312994783900463e-05,"{'AUC_ROCs': [0.9872628726287263, 0.9894499549143372, 0.9874376336421953], 'S_relative_errors': [0.07418647567626263, 0.06747288105941843, 0.07559759242048925], 'X_relative_errors': [0.7728458115589878, 0.770264312183972, 0.7736779276124132], 'Sparsity': [0.04403265306122449, 0.04431020408163265, 0.04466122448979592], 'converged': [0, 0, 0], 'iterations': [150, 150, 150], 'primal_residual': [9.797815189584401, 9.317154906054569, 10.001318610284574], 'dual_residual': [9.797815189584401, 9.317154906054569, 10.001318610284574], 'times': [1.4647350835148245, 1.3898662338033319, 1.4809579236898571]}",0,COMPLETE
11,11,0.9984451435551578,inf,2024-05-20 08:42:07.805658,2024-05-20 08:42:09.876707,0 days 00:00:02.071049,0.00022067817787739603,0.9586380165086861,0.265073010598348,28.445145912676473,"{'AUC_ROCs': [0.9986800597511952, 0.9981719002156426, 0.9984834706986354], 'S_relative_errors': [inf, inf, inf], 'X_relative_errors': [inf, inf, inf], 'Sparsity': [1.0, 1.0, 1.0], 'converged': [0, 0, 0], 'iterations': [150, 150, 150], 'primal_residual': [inf, inf, inf], 'dual_residual': [inf, inf, inf], 'times': [1.5885877911932766, 1.5692827366292477, 1.6845128489658237]}",0,COMPLETE
12,12,0.9986077702293036,4.352538279355049e+142,2024-05-20 08:42:09.880530,2024-05-20 08:42:11.867509,0 days 00:00:01.986979,0.09407215452847394,10.216621301237177,0.15567558693336295,10.481256588288836,"{'AUC_ROCs': [0.9989793996003483, 0.9983631508561919, 0.9984807602313706], 'S_relative_errors': [4.359714898784255e+142, 4.385087027621519e+142, 4.3128129116593744e+142], 'X_relative_errors': [2.8300617915645156e+143, 2.965902911335412e+143, 2.769618399312666e+143], 'Sparsity': [1.0, 1.0, 1.0], 'converged': [0, 0, 0], 'iterations': [150, 150, 150], 'primal_residual': [4.05904676301027e+145, 4.0590084814329057e+145, 4.0590693924346434e+145], 'dual_residual': [4.05904676301027e+145, 4.0590084814329057e+145, 4.0590693924346434e+145], 'times': [1.5881972254719585, 1.5870573667343706, 1.7140310143586248]}",0,COMPLETE
13,13,0.9986879561602257,inf,2024-05-20 08:42:11.875652,2024-05-20 08:42:13.895788,0 days 00:00:02.020136,0.009172041716846463,0.0595715220550039,1.514234261342985,14.852163358660192,"{'AUC_ROCs': [0.9991127125908116, 0.9984155582409194, 0.9985355976489462], 'S_relative_errors': [inf, inf, inf], 'X_relative_errors': [inf, inf, inf], 'Sparsity': [1.0, 1.0, 1.0], 'converged': [0, 0, 0], 'iterations': [150, 150, 150], 'primal_residual': [inf, inf, inf], 'dual_residual': [inf, inf, inf], 'times': [1.630589458392933, 1.7118217800743878, 1.5929083351511508]}",0,COMPLETE
14,14,0.998347489037721,0.15253855261541122,2024-05-20 08:42:13.904713,2024-05-20 08:42:15.704859,0 days 00:00:01.800146,0.03912438178189587,0.2788408859008212,14.09352120632252,0.3589859208938508,"{'AUC_ROCs': [0.9984781478844014, 0.998161220439651, 0.9984030987891108], 'S_relative_errors': [0.15404915169997369, 0.1478487888248129, 0.15571771732144707], 'X_relative_errors': [0.9999971221351963, 0.9999964653584462, 0.9999973378051455], 'Sparsity': [0.9610693877551021, 0.957126530612245, 0.9621877551020408], 'converged': [0, 0, 0], 'iterations': [150, 150, 150], 'primal_residual': [0.0335261082329041, 0.03548163638938418, 0.03299077919784287], 'dual_residual': [0.0335261082329041, 0.03548163638938418, 0.03299077919784287], 'times': [1.4949548814911395, 1.4940265242476016, 1.503620854113251]}",0,COMPLETE
15,15,0.5,0.9999999999999997,2024-05-20 08:42:15.715990,2024-05-20 08:42:17.443937,0 days 00:00:01.727947,1.2471041883314153,0.12061930513894456,0.08696145580753069,1.2239117855826446e-05,"{'AUC_ROCs': [0.5, 0.5, 0.5], 'S_relative_errors': [0.9999999999999998, 0.9999999999999998, 0.9999999999999996], 'X_relative_errors': [1.7855395495001973, 1.8509116654540492, 1.7739308117142707], 'Sparsity': [0.0, 0.0, 0.0], 'converged': [0, 0, 0], 'iterations': [150, 150, 150], 'primal_residual': [60.65748954166672, 60.24490429765294, 61.15849592408858], 'dual_residual': [60.65748954166672, 60.24490429765294, 61.15849592408858], 'times': [1.388907219748944, 1.4523623858112842, 1.399553751340136]}",0,COMPLETE
16,16,0.9984332318830131,0.15253952334004287,2024-05-20 08:42:17.453099,2024-05-20 08:42:19.303260,0 days 00:00:01.850161,0.0010187700420801764,5.500799066863834,0.605671051397918,0.021548720679569238,"{'AUC_ROCs': [0.9985746861558158, 0.9985443138423181, 0.9981806956509055], 'S_relative_errors': [0.15405008374483836, 0.1478498923509212, 0.155718593924369], 'X_relative_errors': [0.9999997660788185, 0.9999997259794484, 0.9999997897869025], 'Sparsity': [0.984065306122449, 0.9816244897959183, 0.9842530612244897], 'converged': [0, 0, 0], 'iterations': [150, 150, 150], 'primal_residual': [0.009566671897764004, 0.009928649592106735, 0.00927161556644705], 'dual_residual': [0.009566671897764004, 0.009928649592106735, 0.00927161556644705], 'times': [1.4419913983438164, 1.4759128394071013, 1.4557791529223323]}",0,COMPLETE
17,17,0.5023627879099509,0.9984757350515774,2024-05-20 08:42:19.313636,2024-05-20 08:42:20.898253,0 days 00:00:01.584617,0.42229953810517895,9.40808659212021,2.052694075294862,1.2177979329696218,"{'AUC_ROCs': [0.5019873532068654, 0.5018935978358882, 0.5032074126870991], 'S_relative_errors': [0.9986555619871585, 0.9986860338622251, 0.9980856093053486], 'X_relative_errors': [6.482669388793905, 6.754732881639002, 6.409550877413741], 'Sparsity': [0.00017959183673469387, 0.00017142857142857143, 0.0002938775510204082], 'converged': [1, 1, 1], 'iterations': [112, 86, 97], 'primal_residual': [0.0008729052761951734, 0.0009315610616951479, 0.0009758717863314493], 'dual_residual': [0.0008729052761951734, 0.0009315610616951479, 0.0009758717863314493], 'times': [1.293762858491391, 0.9497662263456732, 1.0551369227468967]}",0,COMPLETE
18,18,0.5,0.9999999999999997,2024-05-20 08:42:20.910667,2024-05-20 08:42:22.663104,0 days 00:00:01.752437,6.307957612160393,0.013885833045305647,7.520693286954286,0.00025902710425209984,"{'AUC_ROCs': [0.5, 0.5, 0.5], 'S_relative_errors': [0.9999999999999998, 0.9999999999999998, 0.9999999999999996], 'X_relative_errors': [1.7890533081545419, 1.849719422575545, 1.7733974364195217], 'Sparsity': [0.0, 0.0, 0.0], 'converged': [0, 0, 0], 'iterations': [150, 150, 150], 'primal_residual': [60.610421077791855, 60.26007254592041, 61.16580705699953], 'dual_residual': [60.610421077791855, 60.26007254592041, 61.16580705699953], 'times': [1.486411269987002, 1.3952182019129395, 1.4008018616586924]}",0,COMPLETE
19,19,0.998470084570401,3.9118993418123e+139,2024-05-20 08:42:22.675369,2024-05-20 08:42:24.563148,0 days 00:00:01.887779,0.023574723229606156,0.005369700077398557,0.24299646941367786,10.040260745348638,"{'AUC_ROCs': [0.9986989816972862, 0.9983792954208224, 0.998331976593094], 'S_relative_errors': [3.924750685580276e+139, 3.9364032500904417e+139, 3.8745440897661823e+139], 'X_relative_errors': [2.540448802771769e+140, 2.662430593986628e+140, 2.4857169652947654e+140], 'Sparsity': [1.0, 1.0, 1.0], 'converged': [0, 0, 0], 'iterations': [150, 150, 150], 'primal_residual': [3.49782950601186e+142, 3.497827873246074e+142, 3.4978650648616776e+142], 'dual_residual': [3.49782950601186e+142, 3.497827873246074e+142, 3.4978650648616776e+142], 'times': [1.5851864856667817, 1.595824679825455, 1.5910024531185627]}",0,COMPLETE
20,20,0.5,0.9999999999999997,2024-05-20 08:42:24.575660,2024-05-20 08:42:26.252463,0 days 00:00:01.676803,4.230424413264708,31.35134865014868,0.01305596425395205,9.683220840672597e-05,"{'AUC_ROCs': [0.5, 0.5, 0.5], 'S_relative_errors': [0.9999999999999998, 0.9999999999999998, 0.9999999999999996], 'X_relative_errors': [1.7869650196240623, 1.849957700665938, 1.7740628494537771], 'Sparsity': [0.0, 0.0, 0.0], 'converged': [0, 0, 0], 'iterations': [150, 150, 150], 'primal_residual': [60.63841025206303, 60.35091977699002, 61.156685569248296], 'dual_residual': [60.63841025206303, 60.35091977699002, 61.156685569248296], 'times': [1.3875285412650555, 1.3999200430698693, 1.4010339714586735]}",0,COMPLETE
21,21,0.9974580537692913,0.0993437690215549,2024-05-20 08:42:26.264621,2024-05-20 08:42:28.040007,0 days 00:00:01.775386,0.24482507882428337,0.03542698503798063,0.5366935574035648,0.030189199426905237,"{'AUC_ROCs': [0.9969694637997121, 0.9975523868570753, 0.9978523106510865], 'S_relative_errors': [0.1001165940661757, 0.09742994348306638, 0.10048476951542262], 'X_relative_errors': [0.8645786568016033, 0.8675722303265517, 0.8630788710626793], 'Sparsity': [0.07761632653061225, 0.07439183673469388, 0.0821061224489796], 'converged': [0, 0, 0], 'iterations': [150, 150, 150], 'primal_residual': [7.024042584046158, 6.633285881048857, 7.19671018070698], 'dual_residual': [7.024042584046158, 6.633285881048857, 7.19671018070698], 'times': [1.4980286003556103, 1.4239657011348754, 1.4285817390773445]}",0,COMPLETE
22,22,0.999729952366101,5.875291558500447e-06,2024-05-20 08:42:28.052137,2024-05-20 08:42:29.471707,0 days 00:00:01.419570,0.18778021927680769,0.1490225349167117,0.19488095630603405,0.9944502977509659,"{'AUC_ROCs': [0.9996374841399311, 0.999819657348963, 0.9997327156094085], 'S_relative_errors': [6.22681931381567e-06, 8.42052413848935e-06, 2.97853122319632e-06], 'X_relative_errors': [8.640331866551381e-05, 6.356682028981991e-05, 3.2234346599739574e-05], 'Sparsity': [0.04500408163265306, 0.045248979591836734, 0.04578775510204082], 'converged': [1, 1, 1], 'iterations': [53, 105, 103], 'primal_residual': [0.0008674479704797117, 0.0008758482947988774, 0.00052206413858565], 'dual_residual': [0.0008674479704797117, 0.0008758482947988774, 0.00052206413858565], 'times': [0.5761691438965499, 1.1316547603346407, 1.130023668287322]}",0,COMPLETE
23,23,0.9985649658115895,1.6042489698305744e+115,2024-05-20 08:42:29.490146,2024-05-20 08:42:31.528608,0 days 00:00:02.038462,0.11059302070693851,0.04920481327690224,0.012674456521903896,7.175905930417324,"{'AUC_ROCs': [0.9987640215876931, 0.9987013216608285, 0.9982295541862468], 'S_relative_errors': [1.6070145827329507e+115, 1.6160296201282688e+115, 1.5897027066305034e+115], 'X_relative_errors': [1.0431761421710748e+116, 1.0930198021046845e+116, 1.020881256828496e+116], 'Sparsity': [1.0, 1.0, 1.0], 'converged': [0, 0, 0], 'iterations': [150, 150, 150], 'primal_residual': [1.0452508939036796e+118, 1.045154159716791e+118, 1.0452451011021475e+118], 'dual_residual': [1.0452508939036796e+118, 1.045154159716791e+118, 1.0452451011021475e+118], 'times': [1.5680144410580397, 1.5812539430335164, 1.6949213247280568]}",0,COMPLETE
24,24,0.9983089671712841,0.1519643841234308,2024-05-20 08:42:31.541919,2024-05-20 08:42:32.190619,0 days 00:00:00.648700,0.0004207675780131503,18.234334407562365,1.4978320955822284,0.18723785080969096,"{'AUC_ROCs': [0.9983013873428037, 0.9982004361576723, 0.9984250780133761], 'S_relative_errors': [0.15405016551300857, 0.1478499847128903, 0.15399300214439351], 'X_relative_errors': [0.9999999975377386, 0.9999999973119658, 0.9999999977262611], 'Sparsity': [0.9966285714285714, 0.9968081632653061, 0.9967102040816327], 'converged': [1, 1, 1], 'iterations': [34, 35, 33], 'primal_residual': [0.0009837445858674884, 0.0009691596003133482, 0.0009908286023278521], 'dual_residual': [0.0009837445858674884, 0.0009691596003133482, 0.0009908286023278521], 'times': [0.3304268131032586, 0.35597753757610917, 0.32475746632553637]}",0,COMPLETE
25,25,0.9986236373748746,0.15256151500251905,2024-05-20 08:42:32.202746,2024-05-20 08:42:34.001083,0 days 00:00:01.798337,0.005408342490162125,0.00661128895171585,0.12968651311536245,0.06024641081536892,"{'AUC_ROCs': [0.9985851835092538, 0.9987230964183509, 0.9985626321970194], 'S_relative_errors': [0.15404963791176565, 0.14791677485733512, 0.15571813223845646], 'X_relative_errors': [0.9999985020644294, 0.999998141348066, 0.9999984969069589], 'Sparsity': [0.9700408163265306, 0.9662857142857143, 0.9692816326530612], 'converged': [0, 0, 0], 'iterations': [150, 150, 150], 'primal_residual': [0.02419990291895694, 0.02574826034851295, 0.024725769595275948], 'dual_residual': [0.02419990291895694, 0.02574826034851295, 0.024725769595275948], 'times': [1.5105037074536085, 1.455203328980133, 1.4608430375810713]}",0,COMPLETE
26,26,0.9982130342196824,0.15253829517167902,2024-05-20 08:42:34.008219,2024-05-20 08:42:35.783552,0 days 00:00:01.775333,0.0010121994758627339,0.004606003635492126,0.13943752573221574,0.008722906637689992,"{'AUC_ROCs': [0.9981043704308429, 0.9980237742206536, 0.9985109580075507], 'S_relative_errors': [0.15404892247289365, 0.147848602104728, 0.15571736093741537], 'X_relative_errors': [0.999996483957506, 0.9999959165846192, 0.9999963395258751], 'Sparsity': [0.9581142857142857, 0.9551918367346939, 0.9547755102040816], 'converged': [0, 0, 0], 'iterations': [150, 150, 150], 'primal_residual': [0.03717896363699512, 0.03803185973133023, 0.038644802963295186], 'dual_residual': [0.03717896363699512, 0.03803185973133023, 0.038644802963295186], 'times': [1.4328478791285306, 1.5018758499063551, 1.4504655546043068]}",0,COMPLETE
27,27,0.9984682763235829,0.15253960615746018,2024-05-20 08:42:35.799835,2024-05-20 08:42:37.424526,0 days 00:00:01.624691,0.006447088257642749,0.0019899496259761095,3.892878137957768,2.1483102973112818,"{'AUC_ROCs': [0.9983505222475814, 0.9986086438415366, 0.9984456628816307], 'S_relative_errors': [0.15405016550449394, 0.14784998467028584, 0.15571866829760073], 'X_relative_errors': [0.9999999974404987, 0.9999999971858833, 0.9999999975991097], 'Sparsity': [0.9976734693877551, 0.997730612244898, 0.9978857142857143], 'converged': [1, 1, 1], 'iterations': [117, 128, 123], 'primal_residual': [0.0009820690323418468, 0.0009887710242241095, 0.0009702530346132128], 'dual_residual': [0.0009820690323418468, 0.0009887710242241095, 0.0009702530346132128], 'times': [1.1522406004369259, 1.2578187750186771, 1.3338683135807514]}",0,COMPLETE
28,28,0.9986525270820196,0.12431074097469712,2024-05-20 08:42:37.439775,2024-05-20 08:42:39.261514,0 days 00:00:01.821739,0.020995723889372455,0.05474273045488382,12.167287280101934,1.1630232660240163,"{'AUC_ROCs': [0.9987561902778149, 0.9984494818724257, 0.9987519090958182], 'S_relative_errors': [0.13190210685362708, 0.11364512691330189, 0.1273849891571624], 'X_relative_errors': [0.85622835000056, 0.7686517694862974, 0.8180458093384565], 'Sparsity': [0.9817795918367347, 0.9794204081632653, 0.9828816326530613], 'converged': [0, 0, 0], 'iterations': [150, 150, 150], 'primal_residual': [0.004765386281649281, 0.004926473989917942, 0.005190258295835007], 'dual_residual': [0.004765386281649281, 0.004926473989917942, 0.005190258295835007], 'times': [1.513855303870514, 1.5335562985856086, 1.5107473873067647]}",0,COMPLETE
29,29,0.998546234095056,inf,2024-05-20 08:42:39.277996,2024-05-20 08:42:41.174320,0 days 00:00:01.896324,0.0028867076653998226,0.5388231248564203,13.219355688195852,14.582282550385075,"{'AUC_ROCs': [0.9990875519977931, 0.9980524396892765, 0.9984987105980989], 'S_relative_errors': [inf, inf, inf], 'X_relative_errors': [inf, inf, inf], 'Sparsity': [1.0, 1.0, 1.0], 'converged': [0, 0, 0], 'iterations': [150, 150, 150], 'primal_residual': [inf, inf, inf], 'dual_residual': [inf, inf, inf], 'times': [1.6272549466229975, 1.5935239414684474, 1.579291145550087]}",0,COMPLETE
30,30,0.9833144296478636,0.09316490190792404,2024-05-20 08:42:41.191434,2024-05-20 08:42:42.970368,0 days 00:00:01.778934,0.010434012472157292,15.795607155271409,0.006325054240652941,0.0001696069504809559,"{'AUC_ROCs': [0.9825654923215899, 0.9855725879170424, 0.9818052087049589], 'S_relative_errors': [0.09641157678007291, 0.08711890032382984, 0.09596422861986935], 'X_relative_errors': [0.782205658472531, 0.7779733757835612, 0.7784863309951259], 'Sparsity': [0.04360816326530612, 0.04395918367346939, 0.04409795918367347], 'converged': [0, 0, 0], 'iterations': [150, 150, 150], 'primal_residual': [10.40747606441021, 9.84612240731819, 10.672851417847314], 'dual_residual': [10.40747606441021, 9.84612240731819, 10.672851417847314], 'times': [1.411216391948983, 1.4648707548622042, 1.4207977871410549]}",0,COMPLETE
31,31,0.9964257489323392,0.04976871997579436,2024-05-20 08:42:42.988646,2024-05-20 08:42:44.780850,0 days 00:00:01.792204,0.1427293029796873,0.002835757194822646,0.0010111619778114052,0.009018329452871402,"{'AUC_ROCs': [0.9958378874060759, 0.9969242260564405, 0.9965151333345009], 'S_relative_errors': [0.045197914788836, 0.05387344527882809, 0.05023479985971899], 'X_relative_errors': [0.7743982229538137, 0.7876793950751445, 0.7793652405187703], 'Sparsity': [0.04625306122448979, 0.0476, 0.04781224489795918], 'converged': [0, 0, 0], 'iterations': [150, 150, 150], 'primal_residual': [8.842426093548315, 8.214826581785196, 8.930105917460962], 'dual_residual': [8.842426093548315, 8.214826581785196, 8.930105917460962], 'times': [1.4570049298927188, 1.4963843694422394, 1.4789933732245117]}",0,COMPLETE
32,32,0.9977106018207968,0.10832809416839184,2024-05-20 08:42:44.787578,2024-05-20 08:42:46.501726,0 days 00:00:01.714148,0.05423791459923963,3.0025325862481247,1.6069258783862503,0.007894035371795324,"{'AUC_ROCs': [0.9976398640858407, 0.9972407019277373, 0.9982512394488126], 'S_relative_errors': [0.10895960696831819, 0.10292799450392746, 0.11309668103292989], 'X_relative_errors': [0.8841137845525118, 0.8802254144472184, 0.8908738439116652], 'Sparsity': [0.10041632653061225, 0.09149387755102041, 0.10344489795918367], 'converged': [0, 0, 0], 'iterations': [150, 150, 150], 'primal_residual': [6.5320267143636785, 6.331731850558133, 6.477047394623892], 'dual_residual': [6.5320267143636785, 6.331731850558133, 6.477047394623892], 'times': [1.4294744215440005, 1.4449297073297203, 1.4252887449692935]}",0,COMPLETE
33,33,0.5,0.9999999999999997,2024-05-20 08:42:46.522792,2024-05-20 08:42:48.223077,0 days 00:00:01.700285,10.6682167721834,0.468701520098919,0.010351751924572576,0.018214272990756192,"{'AUC_ROCs': [0.5, 0.5, 0.5], 'S_relative_errors': [0.9999999999999998, 0.9999999999999998, 0.9999999999999996], 'X_relative_errors': [1.7836021013728298, 1.8480021186095439, 1.7676706889598686], 'Sparsity': [0.0, 0.0, 0.0], 'converged': [0, 0, 0], 'iterations': [150, 150, 150], 'primal_residual': [60.68338741766366, 60.28189697920562, 61.24411194254562], 'dual_residual': [60.68338741766366, 60.28189697920562, 61.24411194254562], 'times': [1.4065022773575038, 1.3976980824954808, 1.4047630077693611]}",0,COMPLETE
34,34,0.9983445208628665,9.446072354070925e+100,2024-05-20 08:42:48.233595,2024-05-20 08:42:50.186231,0 days 00:00:01.952636,0.000969478879623598,0.16481370165576006,1.9385092141509845,5.945510983245233,"{'AUC_ROCs': [0.9987065595445421, 0.9985909464997731, 0.9977360565442844], 'S_relative_errors': [9.444927315910613e+100, 9.489376576954057e+100, 9.403913169348105e+100], 'X_relative_errors': [6.131072453457092e+101, 6.418246534005913e+101, 6.004055660366408e+101], 'Sparsity': [1.0, 1.0, 1.0], 'converged': [0, 0, 0], 'iterations': [150, 150, 150], 'primal_residual': [5.136965135626916e+103, 5.1333850965016896e+103, 5.1399667407300215e+103], 'dual_residual': [5.136965135626916e+103, 5.1333850965016896e+103, 5.1399667407300215e+103], 'times': [1.5937065458856523, 1.633744309656322, 1.6238644705154002]}",0,COMPLETE
35,35,0.9982052908346724,9.68418014849664e+24,2024-05-20 08:42:50.208962,2024-05-20 08:42:52.264776,0 days 00:00:02.055814,7.891167398021698,0.01682414399036985,5.373641959573654,2.5121728516868633,"{'AUC_ROCs': [0.9980248522922117, 0.9983073588182303, 0.9982836613935752], 'S_relative_errors': [9.71591512133787e+24, 9.74787658633357e+24, 9.588748737818476e+24], 'X_relative_errors': [6.281974002662548e+25, 6.593085921586955e+25, 6.1577386904154325e+25], 'Sparsity': [1.0, 1.0, 1.0], 'converged': [0, 0, 0], 'iterations': [150, 150, 150], 'primal_residual': [2.5023951693146326e+27, 2.5059914737175697e+27, 2.5045097181152617e+27], 'dual_residual': [2.5023951693146326e+27, 2.5059914737175697e+27, 2.5045097181152617e+27], 'times': [1.5948920196387917, 1.6986065935343504, 1.6729707783088088]}",0,COMPLETE
36,36,0.9958938470732246,0.04282717357991056,2024-05-20 08:42:52.279691,2024-05-20 08:42:53.982856,0 days 00:00:01.703165,0.013788723264770833,0.006946355652268715,0.011293700193405538,0.000648282629865064,"{'AUC_ROCs': [0.995481303307597, 0.9963900722646596, 0.9958101656474171], 'S_relative_errors': [0.03967736054217664, 0.0466601304217063, 0.04214402977584875], 'X_relative_errors': [0.768417360953971, 0.778046264568281, 0.7702781425619096], 'Sparsity': [0.04515102040816327, 0.0456734693877551, 0.04589387755102041], 'converged': [0, 0, 0], 'iterations': [150, 150, 150], 'primal_residual': [8.946209929349727, 8.381316043755737, 9.100662781348632], 'dual_residual': [8.946209929349727, 8.381316043755737, 9.100662781348632], 'times': [1.4587224286515266, 1.4212737772613764, 1.414229882415384]}",0,COMPLETE
37,37,0.9983799366760057,0.15253960111838472,2024-05-20 08:42:54.005043,2024-05-20 08:42:55.746579,0 days 00:00:01.741536,0.0038352782454798475,0.0609292184801294,1.9294573020242443,0.20635516305384982,"{'AUC_ROCs': [0.9987786863719106, 0.9980024655541181, 0.9983586581019885], 'S_relative_errors': [0.15405016001614985, 0.14784997942727432, 0.15571866391172992], 'X_relative_errors': [0.9999999820090949, 0.9999999819248105, 0.9999999854147678], 'Sparsity': [0.9919346938775511, 0.9924163265306123, 0.9929632653061224], 'converged': [0, 0, 0], 'iterations': [150, 150, 150], 'primal_residual': [0.002661326907414351, 0.002561240234465471, 0.0024451439782127667], 'dual_residual': [0.002661326907414351, 0.002561240234465471, 0.0024451439782127667], 'times': [1.473324534483254, 1.427971367025748, 1.4329609712585807]}",0,COMPLETE
38,38,0.5,0.9999999999999997,2024-05-20 08:42:55.768772,2024-05-20 08:42:57.469297,0 days 00:00:01.700525,0.33120825764490935,5.412766936967972,0.1464208381878672,4.9243229874271686e-05,"{'AUC_ROCs': [0.5, 0.5, 0.5], 'S_relative_errors': [0.9999999999999998, 0.9999999999999998, 0.9999999999999996], 'X_relative_errors': [1.785694627862901, 1.8501099256703657, 1.776107552683971], 'Sparsity': [0.0, 0.0, 0.0], 'converged': [0, 0, 0], 'iterations': [150, 150, 150], 'primal_residual': [60.65541491505677, 60.25510588733401, 61.128626817899566], 'dual_residual': [60.65541491505677, 60.25510588733401, 61.128626817899566], 'times': [1.4129945158492774, 1.4358468339778483, 1.401605028891936]}",0,COMPLETE
39,39,0.9984880108428783,0.15253960631787492,2024-05-20 08:42:57.491097,2024-05-20 08:42:59.303887,0 days 00:00:01.812790,0.009772025965367474,0.07283219307853597,3.7477578125807636,1.1538654800341535,"{'AUC_ROCs': [0.998426194016995, 0.9981958086659382, 0.998842029845702], 'S_relative_errors': [0.1540501654999397, 0.14784998526795126, 0.1557186681857338], 'X_relative_errors': [0.9999999974991819, 0.9999999981649597, 0.9999999974140715], 'Sparsity': [0.9971918367346939, 0.9966285714285714, 0.996734693877551], 'converged': [1, 0, 0], 'iterations': [149, 150, 150], 'primal_residual': [0.0009898325855535563, 0.001050378481369852, 0.0010600646900251567], 'dual_residual': [0.0009898325855535563, 0.001050378481369852, 0.0010600646900251567], 'times': [1.4194661499932408, 1.4198145768605173, 1.5381029387935996]}",0,COMPLETE
40,40,0.9982333686804964,0.15253960613818932,2024-05-20 08:42:59.312280,2024-05-20 08:43:01.039226,0 days 00:00:01.726946,0.0038562416728728857,1.7702983749389802,0.08091401084771856,0.39470409171819437,"{'AUC_ROCs': [0.9984575856759008, 0.9979393490957175, 0.9983031712698713], 'S_relative_errors': [0.15405016548700284, 0.14784998466089927, 0.15571866826666586], 'X_relative_errors': [0.9999999974303468, 0.9999999971663955, 0.9999999975649498], 'Sparsity': [0.9965387755102041, 0.9963102040816326, 0.9965061224489796], 'converged': [1, 1, 1], 'iterations': [143, 147, 146], 'primal_residual': [0.0009968074501266824, 0.000998023215744662, 0.0009987646848814132], 'dual_residual': [0.0009968074501266824, 0.000998023215744662, 0.0009987646848814132], 'times': [1.386165466858074, 1.4124221049714833, 1.433078029891476]}",0,COMPLETE
41,41,0.9983999719681144,0.15205259539989927,2024-05-20 08:43:01.060589,2024-05-20 08:43:02.813708,0 days 00:00:01.753119,0.00022459212887682747,14.326838948137306,61.688158783138135,0.0002548793768137016,"{'AUC_ROCs': [0.9986230873579913, 0.9982349210710817, 0.99834190747527], 'S_relative_errors': [0.15357395865616466, 0.1473097506584857, 0.15527407688504744], 'X_relative_errors': [0.9986532059061419, 0.998407532368307, 0.9987562199945921], 'Sparsity': [0.6986530612244898, 0.6767755102040817, 0.7148489795918367], 'converged': [0, 0, 0], 'iterations': [150, 150, 150], 'primal_residual': [0.72633610521667, 0.7535154627526934, 0.7124202202392175], 'dual_residual': [0.72633610521667, 0.7535154627526934, 0.7124202202392175], 'times': [1.4236603395547718, 1.4245855561457574, 1.4135850861202925]}",0,COMPLETE
42,42,0.5,0.9999999999999997,2024-05-20 08:43:02.835597,2024-05-20 08:43:04.758353,0 days 00:00:01.922756,7.188638283088409,0.04224323110228713,31.110436540804283,0.1899766118790179,"{'AUC_ROCs': [0.5, 0.5, 0.5], 'S_relative_errors': [0.9999999999999998, 0.9999999999999998, 0.9999999999999996], 'X_relative_errors': [6.491391316615049, 6.763611917426155, 6.421837114480409], 'Sparsity': [0.0, 0.0, 0.0], 'converged': [0, 0, 0], 'iterations': [150, 150, 150], 'primal_residual': [0.004567838660455712, 0.00412185902388737, 0.00413692242971092], 'dual_residual': [0.004567838660455712, 0.00412185902388737, 0.00413692242971092], 'times': [1.5679212408140302, 1.670346720609814, 1.607816811883822]}",0,COMPLETE
43,43,0.9983526998629336,0.15253960388232898,2024-05-20 08:43:04.782291,2024-05-20 08:43:06.600875,0 days 00:00:01.818584,0.010632547511727585,0.001450779200923454,7.504967860234297,0.7265683531950148,"{'AUC_ROCs': [0.9986197509419487, 0.9981332565734071, 0.998305092073445], 'S_relative_errors': [0.1540501635091612, 0.1478499817249175, 0.15571866641290824], 'X_relative_errors': [0.9999999919567496, 0.9999999884331164, 0.9999999925088373], 'Sparsity': [0.9950775510204082, 0.9938285714285714, 0.9952163265306122], 'converged': [0, 0, 0], 'iterations': [150, 150, 150], 'primal_residual': [0.0017958071156099458, 0.0020166757093640253, 0.001780385113470897], 'dual_residual': [0.0017958071156099458, 0.0020166757093640253, 0.001780385113470897], 'times': [1.411154001718387, 1.5341701051220298, 1.4669681231025606]}",0,COMPLETE
44,44,0.5,0.9999999999999999,2024-05-20 08:43:06.618111,2024-05-20 08:43:08.327004,0 days 00:00:01.708893,0.033322375030913086,0.13499547436674833,0.0016913328230770323,8.385444527108597e-05,"{'AUC_ROCs': [0.5, 0.5, 0.5], 'S_relative_errors': [0.9999999999999998, 0.9999999999999998, 1.0], 'X_relative_errors': [1.789097018797936, 1.8500149900754619, 1.7474857021065582], 'Sparsity': [0.0, 0.0, 0.0], 'converged': [0, 0, 0], 'iterations': [150, 150, 150], 'primal_residual': [60.609834739856204, 60.25631347075753, 60.47463966803512], 'dual_residual': [60.609834739856204, 60.25631347075753, 60.47463966803512], 'times': [1.3813298346940428, 1.4302967621479183, 1.3686609577853233]}",0,COMPLETE
45,45,0.9988043530563301,inf,2024-05-20 08:43:08.343092,2024-05-20 08:43:10.223579,0 days 00:00:01.880487,0.37896878490549585,11.901444662405593,4.790779057890872,36.25587701270912,"{'AUC_ROCs': [0.9989757372658867, 0.9988581829909302, 0.998579138912173], 'S_relative_errors': [inf, inf, inf], 'X_relative_errors': [inf, inf, inf], 'Sparsity': [1.0, 1.0, 1.0], 'converged': [0, 0, 0], 'iterations': [150, 150, 150], 'primal_residual': [inf, inf, inf], 'dual_residual': [inf, inf, inf], 'times': [1.5810435351449996, 1.5968039485160261, 1.6197240280453116]}",0,COMPLETE
46,46,0.5,0.9999999999999997,2024-05-20 08:43:10.249591,2024-05-20 08:43:11.935088,0 days 00:00:01.685497,1.638704610864656,0.1021281458314939,0.00284111774647561,3.3668082908862986e-05,"{'AUC_ROCs': [0.5, 0.5, 0.5], 'S_relative_errors': [0.9999999999999998, 0.9999999999999998, 0.9999999999999996], 'X_relative_errors': [1.7872170167152233, 1.8509025495442624, 1.7681222091836348], 'Sparsity': [0.0, 0.0, 0.0], 'converged': [0, 0, 0], 'iterations': [150, 150, 150], 'primal_residual': [60.63503517349205, 60.24502032591492, 61.23795089315873], 'dual_residual': [60.63503517349205, 60.24502032591492, 61.23795089315873], 'times': [1.3812371538951993, 1.4022358912043273, 1.3977465243078768]}",0,COMPLETE
47,47,0.981460626226227,0.09950965881003553,2024-05-20 08:43:11.959114,2024-05-20 08:43:13.692244,0 days 00:00:01.733130,0.12263487922140535,0.004309301661088815,0.25428507214644613,0.0019433246118552468,"{'AUC_ROCs': [0.9802168021680218, 0.9834986474301173, 0.9806664290805417], 'S_relative_errors': [0.10159023606300667, 0.09490031879384545, 0.10203842157325443], 'X_relative_errors': [0.7804201575818854, 0.7804212970912194, 0.7807925869825239], 'Sparsity': [0.043395918367346936, 0.04377142857142857, 0.04404081632653061], 'converged': [0, 0, 0], 'iterations': [150, 150, 150], 'primal_residual': [10.685945483268927, 10.114542882391202, 10.85843732034697], 'dual_residual': [10.685945483268927, 10.114542882391202, 10.85843732034697], 'times': [1.4323094324208796, 1.4055124879814684, 1.4874832171481103]}",0,COMPLETE
48,48,0.5,0.9999999999999997,2024-05-20 08:43:13.719717,2024-05-20 08:43:15.394500,0 days 00:00:01.674783,7.820571997503601,0.016796204184774198,0.044939064753878766,0.00032601245962843756,"{'AUC_ROCs': [0.5, 0.5, 0.5], 'S_relative_errors': [1.0, 0.9999999999999998, 0.9999999999999996], 'X_relative_errors': [1.7833834041915704, 1.8523295105202795, 1.7691938476932327], 'Sparsity': [0.0, 0.0, 0.0], 'converged': [0, 0, 0], 'iterations': [150, 150, 150], 'primal_residual': [60.42657440633307, 60.22684813628978, 61.22331946994007], 'dual_residual': [60.42657440633307, 60.22684813628978, 61.22331946994007], 'times': [1.4112687399610877, 1.3992672173772007, 1.3784276039805263]}",0,COMPLETE
49,49,0.9985887906461897,inf,2024-05-20 08:43:15.416039,2024-05-20 08:43:17.446591,0 days 00:00:02.030552,0.017313237746777257,0.7257937355729919,0.1564530873282755,22.109546280183277,"{'AUC_ROCs': [0.9988472296413071, 0.9983213045147458, 0.998597837782516], 'S_relative_errors': [inf, inf, inf], 'X_relative_errors': [inf, inf, inf], 'Sparsity': [1.0, 1.0, 1.0], 'converged': [0, 0, 0], 'iterations': [150, 150, 150], 'primal_residual': [inf, inf, inf], 'dual_residual': [inf, inf, inf], 'times': [1.7049370559398085, 1.5904443196486682, 1.592147832037881]}",0,COMPLETE
50,50,0.9987219433409459,inf,2024-05-20 08:43:17.781091,2024-05-20 08:43:19.798222,0 days 00:00:02.017131,0.009172041716846463,0.0595715220550039,1.514234261342985,31.77305312239379,"{'AUC_ROCs': [0.9990308993444599, 0.9986190105949283, 0.9985159200834491], 'S_relative_errors': [inf, inf, inf], 'X_relative_errors': [inf, inf, inf], 'Sparsity': [1.0, 1.0, 1.0], 'converged': [0, 0, 0], 'iterations': [150, 150, 150], 'primal_residual': [inf, inf, inf], 'dual_residual': [inf, inf, inf], 'times': [1.5662733232602477, 1.709584451513365, 1.598909605294466]}",1,COMPLETE
51,51,0.9983048763704351,0.15253847290283185,2024-05-20 08:43:19.824942,2024-05-20 08:43:21.572091,0 days 00:00:01.747149,0.03912438178189587,0.2788408859008212,14.09352120632252,0.3589859208938508,"{'AUC_ROCs': [0.9985996243210983, 0.9975849920929026, 0.9987300126973043], 'S_relative_errors': [0.15404909834246983, 0.14784864562067257, 0.15571767474535317], 'X_relative_errors': [0.9999969738491765, 0.99999604664337, 0.9999972181251031], 'Sparsity': [0.9587755102040816, 0.9513632653061225, 0.9617469387755102], 'converged': [0, 0, 0], 'iterations': [150, 150, 150], 'primal_residual': [0.03442059290420881, 0.037537010054279056, 0.03356702469923705], 'dual_residual': [0.03442059290420881, 0.037537010054279056, 0.03356702469923705], 'times': [1.4599253367632627, 1.4518299386836588, 1.4566978407092392]}",1,COMPLETE
52,52,0.9985109943038868,inf,2024-05-20 08:43:21.594317,2024-05-20 08:43:23.454285,0 days 00:00:01.859968,0.017313237746777257,0.2788408859008212,14.09352120632252,22.109546280183277,"{'AUC_ROCs': [0.9990426123272619, 0.9984621045473125, 0.9980282660370857], 'S_relative_errors': [inf, inf, inf], 'X_relative_errors': [inf, inf, inf], 'Sparsity': [1.0, 1.0, 1.0], 'converged': [0, 0, 0], 'iterations': [150, 150, 150], 'primal_residual': [inf, inf, inf], 'dual_residual': [inf, inf, inf], 'times': [1.567693396937102, 1.6032055232208222, 1.5911693135276437]}",1,COMPLETE
53,53,0.9984155050210394,0.15192292092704698,2024-05-20 08:43:23.470669,2024-05-20 08:43:25.300352,0 days 00:00:01.829683,0.05800901115724093,0.00661128895171585,0.0015279197173453476,0.06024641081536892,"{'AUC_ROCs': [0.9985701727263359, 0.9980988086675957, 0.9985775336691864], 'S_relative_errors': [0.15339643462719718, 0.1471832768009077, 0.15518905135303604], 'X_relative_errors': [0.9981511994839105, 0.9980383144440598, 0.9985179712819792], 'Sparsity': [0.6532734693877551, 0.6607510204081632, 0.7185877551020409], 'converged': [0, 0, 0], 'iterations': [150, 150, 150], 'primal_residual': [0.8513937577373059, 0.8373778205720633, 0.7766715584773274], 'dual_residual': [0.8513937577373059, 0.8373778205720633, 0.7766715584773274], 'times': [1.4915757237467915, 1.445265447953716, 1.4533536026719958]}",1,COMPLETE
54,54,0.9970982673533411,0.07939753631439574,2024-05-20 08:43:25.330320,2024-05-20 08:43:27.136944,0 days 00:00:01.806624,0.033322375030913086,0.1490225349167117,0.22463813939540794,0.003178818039482073,"{'AUC_ROCs': [0.9964191598170701, 0.9969798962777258, 0.9978957459652272], 'S_relative_errors': [0.08083495629197442, 0.0756836364612264, 0.08167401618998639], 'X_relative_errors': [0.8264216181443588, 0.8229349753578236, 0.8263632031260176], 'Sparsity': [0.058628571428571426, 0.05757551020408163, 0.06082448979591837], 'converged': [0, 0, 0], 'iterations': [150, 150, 150], 'primal_residual': [7.867874806297073, 7.575988227819478, 8.019238168791341], 'dual_residual': [7.867874806297073, 7.575988227819478, 8.019238168791341], 'times': [1.4193348463159055, 1.52661645389162, 1.4874790001194924]}",1,COMPLETE
55,55,0.9986516179381119,9.747427588728123e+100,2024-05-20 08:43:27.167132,2024-05-20 08:43:29.163383,0 days 00:00:01.996251,0.5522111215138722,0.16481370165576006,32.45533959638388,5.945510983245233,"{'AUC_ROCs': [0.9991036618190606, 0.9985622471075191, 0.9982889448877557], 'S_relative_errors': [9.709778923212823e+100, 9.759066594546973e+100, 9.773437248424576e+100], 'X_relative_errors': [6.297179225522692e+101, 6.60065440944796e+101, 6.172203528882521e+101], 'Sparsity': [1.0, 1.0, 1.0], 'converged': [0, 0, 0], 'iterations': [150, 150, 150], 'primal_residual': [5.280034067252218e+103, 5.279036852016544e+103, 5.280167126243184e+103], 'dual_residual': [5.280034067252218e+103, 5.279036852016544e+103, 5.280167126243184e+103], 'times': [1.645385614130646, 1.5916201078798622, 1.743807804537937]}",1,COMPLETE
56,56,0.9982888760048573,inf,2024-05-20 08:43:29.194128,2024-05-20 08:43:31.049296,0 days 00:00:01.855168,0.00022067817787739603,0.05474273045488382,0.265073010598348,99.53422460189717,"{'AUC_ROCs': [0.9985232790580008, 0.9980196403329367, 0.9983237086236346], 'S_relative_errors': [inf, inf, inf], 'X_relative_errors': [inf, inf, inf], 'Sparsity': [1.0, 1.0, 1.0], 'converged': [0, 0, 0], 'iterations': [150, 150, 150], 'primal_residual': [inf, inf, inf], 'dual_residual': [inf, inf, inf], 'times': [1.5461579074617475, 1.570121368393302, 1.5769303326960653]}",1,COMPLETE
57,57,0.998401747370533,9.42722648483169e+100,2024-05-20 08:43:31.082154,2024-05-20 08:43:33.080389,0 days 00:00:01.998235,0.000969478879623598,0.16481370165576006,1.9385092141509845,5.945510983245233,"{'AUC_ROCs': [0.9988666936128601, 0.9980398987395019, 0.9982986497592372], 'S_relative_errors': [9.43973240219777e+100, 9.491039122733767e+100, 9.350907929563533e+100], 'X_relative_errors': [6.127700231385118e+101, 6.419371015535519e+101, 6.005001186576701e+101], 'Sparsity': [1.0, 1.0, 1.0], 'converged': [0, 0, 0], 'iterations': [150, 150, 150], 'primal_residual': [5.136958873086047e+103, 5.133827383236654e+103, 5.141307138017781e+103], 'dual_residual': [5.136958873086047e+103, 5.133827383236654e+103, 5.141307138017781e+103], 'times': [1.7038992741145194, 1.6194828154984862, 1.624558063223958]}",1,COMPLETE
58,58,0.9984700670366179,0.15230420559381944,2024-05-20 08:43:33.094848,2024-05-20 08:43:34.856373,0 days 00:00:01.761525,0.017313237746777257,0.5642235093329396,0.0016037411186048862,0.022470539602800804,"{'AUC_ROCs': [0.9984284907814676, 0.9981897555269557, 0.9987919548014308], 'S_relative_errors': [0.1540228313256483, 0.1474832469762636, 0.15540653847954644], 'X_relative_errors': [0.999066211994397, 0.9989615349858072, 0.9991277621659608], 'Sparsity': [0.7322204081632653, 0.7261714285714286, 0.7445142857142857], 'converged': [0, 0, 0], 'iterations': [150, 150, 150], 'primal_residual': [0.6053526471745893, 0.6100448223046433, 0.5970241985190825], 'dual_residual': [0.6053526471745893, 0.6100448223046433, 0.5970241985190825], 'times': [1.427622406044975, 1.4945203359238803, 1.4592086356133223]}",1,COMPLETE
59,59,0.9984470411845092,0.15253960521757534,2024-05-20 08:43:34.888325,2024-05-20 08:43:36.640284,0 days 00:00:01.751959,0.0026541570809394404,0.0609292184801294,0.00284111774647561,0.20635516305384982,"{'AUC_ROCs': [0.9983005022657702, 0.9982368855577425, 0.9988037357300149], 'S_relative_errors': [0.15405016462853946, 0.14784998347362532, 0.15571866755056119], 'X_relative_errors': [0.9999999949881341, 0.9999999936188398, 0.9999999955665986], 'Sparsity': [0.9956081632653061, 0.9947673469387756, 0.995534693877551], 'converged': [0, 0, 0], 'iterations': [150, 150, 150], 'primal_residual': [0.001389870444801872, 0.001490556308046661, 0.0013485087023505282], 'dual_residual': [0.001389870444801872, 0.001490556308046661, 0.0013485087023505282], 'times': [1.4350379353854805, 1.4277565013617277, 1.4453869806602597]}",1,COMPLETE
60,60,0.9979313478848933,0.15342538748018986,2024-05-20 08:43:36.670063,2024-05-20 08:43:37.591351,0 days 00:00:00.921288,0.001658300802894057,21.07096041068485,0.521990116369553,0.40692399862327944,"{'AUC_ROCs': [0.9973657336527341, 0.9980639413204447, 0.9983643686815014], 'S_relative_errors': [0.15625215348078458, 0.14830534065896414, 0.1557186683008208], 'X_relative_errors': [0.9999999976249812, 0.9999999971836229, 0.9999999976542958], 'Sparsity': [0.996938775510204, 0.9965469387755101, 0.9965551020408163], 'converged': [1, 1, 1], 'iterations': [62, 64, 67], 'primal_residual': [0.0009711436063314687, 0.000997279600083764, 0.000979202501373274], 'dual_residual': [0.0009711436063314687, 0.000997279600083764, 0.000979202501373274], 'times': [0.5941474349237978, 0.616610889788717, 0.6395347588695586]}",1,COMPLETE
61,61,0.9985645127367947,0.15039413686163947,2024-05-20 08:43:37.624594,2024-05-20 08:43:39.362331,0 days 00:00:01.737737,0.09407215452847394,0.00661128895171585,0.12968651311536245,0.06024641081536892,"{'AUC_ROCs': [0.9984492169787478, 0.9986873879157127, 0.9985569333159234], 'S_relative_errors': [0.15216946617479346, 0.14518529382157347, 0.15382765058855147], 'X_relative_errors': [0.9938880047336219, 0.9928629585355013, 0.9940748111757172], 'Sparsity': [0.5313469387755102, 0.5045795918367347, 0.5391020408163265], 'converged': [0, 0, 0], 'iterations': [150, 150, 150], 'primal_residual': [1.5439862284020809, 1.5949984850692125, 1.5524415264284355], 'dual_residual': [1.5439862284020809, 1.5949984850692125, 1.5524415264284355], 'times': [1.4670595817733556, 1.4392852515447885, 1.4430599657353014]}",1,COMPLETE
62,62,0.9977929565203252,0.10479418789633888,2024-05-20 08:43:39.394921,2024-05-20 08:43:41.135235,0 days 00:00:01.740314,0.05423791459923963,0.1490225349167117,0.0029100574823638105,0.007894035371795324,"{'AUC_ROCs': [0.9976330043526714, 0.997510582149177, 0.9982352830591271], 'S_relative_errors': [0.10665477211596026, 0.09674943818519106, 0.1109783533878653], 'X_relative_errors': [0.8788687879634345, 0.8661496589406795, 0.8859434368307579], 'Sparsity': [0.09762448979591837, 0.09131428571428571, 0.1018204081632653], 'converged': [0, 0, 0], 'iterations': [150, 150, 150], 'primal_residual': [6.6676585636207735, 6.670035138025812, 6.606973833172497], 'dual_residual': [6.6676585636207735, 6.670035138025812, 6.606973833172497], 'times': [1.4392483704723418, 1.4441074654459953, 1.4399661633651704]}",1,COMPLETE
63,63,0.9954095848718666,0.039098913981192786,2024-05-20 08:43:41.171333,2024-05-20 08:43:42.930066,0 days 00:00:01.758733,1.138553088057575,14.611003262879679,0.2755940251862904,0.047956121267525575,"{'AUC_ROCs': [0.9950212295429952, 0.9963019733646292, 0.9949055517079757], 'S_relative_errors': [0.039836280837428066, 0.03760079603355792, 0.039859665072592365], 'X_relative_errors': [0.7680875586977756, 0.7681479063516903, 0.7672402474771534], 'Sparsity': [0.04490612244897959, 0.045175510204081636, 0.04548571428571429], 'converged': [0, 0, 0], 'iterations': [150, 150, 150], 'primal_residual': [8.963332831762415, 8.54836624350418, 9.162642388500487], 'dual_residual': [8.963332831762415, 8.54836624350418, 9.162642388500487], 'times': [1.4031584584154189, 1.4307020166888833, 1.4625197388231754]}",1,COMPLETE
64,64,0.5,0.9999999999999997,2024-05-20 08:43:42.963491,2024-05-20 08:43:43.990149,0 days 00:00:01.026658,1.9573148477791165,0.002327427759119751,0.009909697502455343,0.9943508988011197,"{'AUC_ROCs': [0.5, 0.5, 0.5], 'S_relative_errors': [0.9999999999999998, 0.9999999999999998, 0.9999999999999996], 'X_relative_errors': [6.491465834720827, 6.763686778057388, 6.421910071631699], 'Sparsity': [0.0, 0.0, 0.0], 'converged': [1, 1, 1], 'iterations': [68, 68, 68], 'primal_residual': [0.000799420298047354, 0.0007669655944502294, 0.000799831429545647], 'dual_residual': [0.000799420298047354, 0.0007669655944502294, 0.000799831429545647], 'times': [0.7310672821477056, 0.7523294384591281, 0.7414319838862866]}",1,COMPLETE
65,65,0.9961295133492246,0.04682920516380263,2024-05-20 08:43:44.021349,2024-05-20 08:43:45.712545,0 days 00:00:01.691196,1.0654016989283448,5.412766936967972,0.12968651311536245,0.06024641081536892,"{'AUC_ROCs': [0.9956589998992511, 0.9965670533922109, 0.9961624867562118], 'S_relative_errors': [0.04264689685594581, 0.04961730767154062, 0.04822341096392146], 'X_relative_errors': [0.7714875837982444, 0.781772805379329, 0.7770037629416129], 'Sparsity': [0.04578775510204082, 0.0466530612244898, 0.046840816326530615], 'converged': [0, 0, 0], 'iterations': [150, 150, 150], 'primal_residual': [8.889767233805452, 8.3123809774657, 8.98061206017036], 'dual_residual': [8.889767233805452, 8.3123809774657, 8.98061206017036], 'times': [1.402967430651188, 1.4169502020813525, 1.4091450779233128]}",1,COMPLETE
66,66,0.9984465769257117,0.15283868220918548,2024-05-20 08:43:45.731598,2024-05-20 08:43:47.484215,0 days 00:00:01.752617,0.00408579379934668,0.18404151323095638,0.5366935574035648,0.025712514514029377,"{'AUC_ROCs': [0.9981867428358091, 0.998641394794781, 0.9985115931465451], 'S_relative_errors': [0.15404695600589124, 0.1478462447983861, 0.15662284582327907], 'X_relative_errors': [0.9999909350736333, 0.9999889694081414, 0.9999911670823133], 'Sparsity': [0.9410367346938775, 0.9374530612244898, 0.9419836734693877], 'converged': [0, 0, 0], 'iterations': [150, 150, 150], 'primal_residual': [0.059728646445671794, 0.06280018467131299, 0.05996582175912013], 'dual_residual': [0.059728646445671794, 0.06280018467131299, 0.05996582175912013], 'times': [1.4324680499266833, 1.4856651446316391, 1.4601406622678041]}",1,COMPLETE
67,67,0.9983038124111717,0.15253960617564966,2024-05-20 08:43:47.517922,2024-05-20 08:43:48.319784,0 days 00:00:00.801862,0.0006941779709225361,0.18404151323095638,0.8873231173450125,0.20635516305384982,"{'AUC_ROCs': [0.9983485605585192, 0.9982341053619422, 0.9983287713130535], 'S_relative_errors': [0.1540501654866533, 0.14784998473369093, 0.15571866830660477], 'X_relative_errors': [0.9999999974768617, 0.9999999974963092, 0.9999999977682467], 'Sparsity': [0.9963673469387755, 0.9961795918367347, 0.9966938775510205], 'converged': [1, 1, 1], 'iterations': [53, 52, 50], 'primal_residual': [0.0009992734412387057, 0.0009715659820431508, 0.0009934287806705317], 'dual_residual': [0.0009992734412387057, 0.0009715659820431508, 0.0009934287806705317], 'times': [0.5129378519486636, 0.5010043659713119, 0.4882353513967246]}",1,COMPLETE
68,68,0.9988199278258767,inf,2024-05-20 08:43:48.353219,2024-05-20 08:43:50.257779,0 days 00:00:01.904560,0.12263487922140535,0.004309301661088815,0.25428507214644613,95.2365848145606,"{'AUC_ROCs': [0.9989637740518814, 0.9987746136666978, 0.9987213957590511], 'S_relative_errors': [inf, inf, inf], 'X_relative_errors': [inf, inf, inf], 'Sparsity': [1.0, 1.0, 1.0], 'converged': [0, 0, 0], 'iterations': [150, 150, 150], 'primal_residual': [inf, inf, inf], 'dual_residual': [inf, inf, inf], 'times': [1.5704359461087734, 1.6042339191772044, 1.5625014321412891]}",1,COMPLETE
69,69,0.9986794041705519,15431029.380869398,2024-05-20 08:43:50.285762,2024-05-20 08:43:52.316561,0 days 00:00:02.030799,13.963366030464272,0.03403530959033758,14.09352120632252,2.1483102973112818,"{'AUC_ROCs': [0.999003234894772, 0.9984187748179794, 0.9986162027989047], 'S_relative_errors': [15464782.106934471, 15531332.908163976, 15296973.12750975], 'X_relative_errors': [100388116.12611814, 105048075.56037149, 98234829.92582685], 'Sparsity': [1.0, 0.9999591836734694, 0.9999755102040816], 'converged': [0, 0, 0], 'iterations': [150, 150, 150], 'primal_residual': [3497515750.6995974, 3494940219.546309, 3493604550.5722194], 'dual_residual': [3497515750.6995974, 3494940219.546309, 3493604550.5722194], 'times': [1.7116205897182226, 1.6255958690308034, 1.620874166721478]}",1,COMPLETE
70,70,0.996680927437635,0.063296262111892,2024-05-20 08:43:52.341848,2024-05-20 08:43:54.069708,0 days 00:00:01.727860,0.0033704759260430174,14.326838948137306,0.15266882176814706,0.0002548793768137016,"{'AUC_ROCs': [0.9960939882300973, 0.9967341658269603, 0.9972146282558474], 'S_relative_errors': [0.06120894705783379, 0.06597285375395005, 0.06270698552389219], 'X_relative_errors': [0.7945186939401416, 0.8059565802372171, 0.795780761335394], 'Sparsity': [0.0495265306122449, 0.05037551020408163, 0.05110204081632653], 'converged': [0, 0, 0], 'iterations': [150, 150, 150], 'primal_residual': [8.486269159999155, 7.896507839726844, 8.627102145664182], 'dual_residual': [8.486269159999155, 7.896507839726844, 8.627102145664182], 'times': [1.4105099092703313, 1.4121098979376256, 1.4316762674134225]}",1,COMPLETE
71,71,0.9953673008495251,0.036013613008707035,2024-05-20 08:43:54.104969,2024-05-20 08:43:55.832186,0 days 00:00:01.727217,0.0004207675780131503,4.33581489761908,1.4978320955822284,1.5493380614689603e-05,"{'AUC_ROCs': [0.9945640328423301, 0.9961074107640466, 0.9954304589421983], 'S_relative_errors': [0.03462902653219456, 0.037131732033852366, 0.03628008046007418], 'X_relative_errors': [0.7634429133026809, 0.7674429362025771, 0.7643149838031406], 'Sparsity': [0.044595918367346936, 0.044848979591836736, 0.045224489795918366], 'converged': [0, 0, 0], 'iterations': [150, 150, 150], 'primal_residual': [9.03861085950319, 8.558962545591699, 9.207632391418041], 'dual_residual': [9.03861085950319, 8.558962545591699, 9.207632391418041], 'times': [1.41124844038859, 1.4024697153363377, 1.458174460567534]}",1,COMPLETE
72,72,0.5,0.9999999999999997,2024-05-20 08:43:55.867976,2024-05-20 08:43:57.523168,0 days 00:00:01.655192,1.2471041883314153,0.03542698503798063,91.31501497747489,0.0007696519839518381,"{'AUC_ROCs': [0.5, 0.5, 0.5], 'S_relative_errors': [0.9999999999999998, 0.9999999999999998, 0.9999999999999996], 'X_relative_errors': [1.7884564286202003, 1.8512683766074522, 1.7734071455800975], 'Sparsity': [0.0, 0.0, 0.0], 'converged': [0, 0, 0], 'iterations': [150, 150, 150], 'primal_residual': [60.61842566512359, 60.240363416251405, 61.165673998118585], 'dual_residual': [60.61842566512359, 60.240363416251405, 61.165673998118585], 'times': [1.3840408681426197, 1.390032762894407, 1.379540181485936]}",1,COMPLETE
73,73,0.9288716442058599,0.25661306926835065,2024-05-20 08:43:57.560963,2024-05-20 08:43:59.303906,0 days 00:00:01.742943,0.001959326717610729,0.0408189308265911,0.265073010598348,2.342813462686348e-05,"{'AUC_ROCs': [0.929539295392954, 0.9314697926059513, 0.9256058446186743], 'S_relative_errors': [0.2533031021796257, 0.2549344329424555, 0.26160167268297074], 'X_relative_errors': [0.8707107589774816, 0.8831786342384612, 0.8792773135367579], 'Sparsity': [0.03881632653061225, 0.03906122448979592, 0.03899591836734694], 'converged': [0, 0, 0], 'iterations': [150, 150, 150], 'primal_residual': [17.57712321994726, 17.3348776541604, 18.105359076951284], 'dual_residual': [17.57712321994726, 17.3348776541604, 18.105359076951284], 'times': [1.4264195496216416, 1.3959942471701652, 1.3982846343424171]}",1,COMPLETE
74,74,0.9958048040566482,0.039909574365100745,2024-05-20 08:43:59.342119,2024-05-20 08:44:01.037114,0 days 00:00:01.694995,0.013788723264770833,0.006946355652268715,0.0011887778264348915,0.000648282629865064,"{'AUC_ROCs': [0.9953010318059692, 0.9964825095345644, 0.995630870829411], 'S_relative_errors': [0.03865171741966934, 0.034685198018475194, 0.046391807657157696], 'X_relative_errors': [0.7673599397469286, 0.7654423414667445, 0.7744602215630115], 'Sparsity': [0.045061224489795916, 0.04515102040816327, 0.04608979591836735], 'converged': [0, 0, 0], 'iterations': [150, 150, 150], 'primal_residual': [8.966720643801978, 8.577096708555738, 9.030196683667546], 'dual_residual': [8.966720643801978, 8.577096708555738, 9.030196683667546], 'times': [1.4124125635717064, 1.4239140427671373, 1.4267867770977318]}",1,COMPLETE
75,75,0.9982212915586675,0.14827102679836437,2024-05-20 08:44:01.077024,2024-05-20 08:44:02.852144,0 days 00:00:01.775120,0.017313237746777257,0.7257937355729919,0.2968053442534546,0.008722906637689992,"{'AUC_ROCs': [0.9988033017080481, 0.9975531608931405, 0.9983074120748139], 'S_relative_errors': [0.15017907411762163, 0.14465853239434223, 0.14997547388312923], 'X_relative_errors': [0.9891228638467813, 0.9881915785732278, 0.9894679908008389], 'Sparsity': [0.4262204081632653, 0.44795102040816326, 0.47037551020408164], 'converged': [0, 0, 0], 'iterations': [150, 150, 150], 'primal_residual': [2.059164946340881, 2.0480226293215384, 2.0645580378898125], 'dual_residual': [2.059164946340881, 2.0480226293215384, 2.0645580378898125], 'times': [1.4193486561998725, 1.4368265205994248, 1.4549417244270444]}",1,COMPLETE
76,76,0.5,0.9999999999999997,2024-05-20 08:44:02.892465,2024-05-20 08:44:03.921132,0 days 00:00:01.028667,2.7859107465970756,26.553463207342556,0.19488095630603405,0.9944502977509659,"{'AUC_ROCs': [0.5, 0.5, 0.5], 'S_relative_errors': [0.9999999999999998, 0.9999999999999998, 0.9999999999999996], 'X_relative_errors': [6.491460321015458, 6.763683337439471, 6.421903666337851], 'Sparsity': [0.0, 0.0, 0.0], 'converged': [1, 1, 1], 'iterations': [68, 68, 68], 'primal_residual': [0.0007399907542105175, 0.0007315909522783034, 0.000729366840791336], 'dual_residual': [0.0007399907542105175, 0.0007315909522783034, 0.000729366840791336], 'times': [0.7277739190030843, 0.7475843185093254, 0.7338705416768789]}",1,COMPLETE
77,77,0.5,0.9999999999999997,2024-05-20 08:44:03.960957,2024-05-20 08:44:05.686832,0 days 00:00:01.725875,6.919784965727244,0.13499547436674833,0.006325054240652941,0.0001696069504809559,"{'AUC_ROCs': [0.5, 0.5, 0.5], 'S_relative_errors': [0.9999999999999998, 0.9999999999999998, 0.9999999999999996], 'X_relative_errors': [1.7877648436621676, 1.8494769197434662, 1.7711033787865824], 'Sparsity': [0.0, 0.0, 0.0], 'converged': [0, 0, 0], 'iterations': [150, 150, 150], 'primal_residual': [60.62769565959039, 60.26315611244756, 61.19721737677666], 'dual_residual': [60.62769565959039, 60.26315611244756, 61.19721737677666], 'times': [1.5074662305414677, 1.4000235698185861, 1.3931289792526513]}",1,COMPLETE
78,78,0.9957415773058836,0.03953418058213781,2024-05-20 08:44:05.722786,2024-05-20 08:44:07.460312,0 days 00:00:01.737526,0.023574723229606156,0.005369700077398557,0.011293700193405538,0.0010939285594852679,"{'AUC_ROCs': [0.9953919661341415, 0.9964819621305105, 0.9953508036529988], 'S_relative_errors': [0.03718475367041419, 0.038567166385152646, 0.042850621690846614], 'X_relative_errors': [0.7660572423535486, 0.7692117604863964, 0.7703102356542526], 'Sparsity': [0.044955102040816326, 0.045281632653061225, 0.04575510204081633], 'converged': [0, 0, 0], 'iterations': [150, 150, 150], 'primal_residual': [8.985849709791236, 8.52430110396322, 9.100589197424167], 'dual_residual': [8.985849709791236, 8.52430110396322, 9.100589197424167], 'times': [1.4153241524472833, 1.464796727290377, 1.4367618071846664]}",1,COMPLETE
79,79,0.9983923924693198,5.0157747939881385e+135,2024-05-20 08:44:07.501698,2024-05-20 08:44:09.507723,0 days 00:00:02.006025,0.009772025965367474,0.07283219307853597,3.7477578125807636,9.506763372854502,"{'AUC_ROCs': [0.9987583311447759, 0.9980867303127964, 0.9983321159503872], 'S_relative_errors': [5.023662269323661e+135, 5.05315896577961e+135, 4.9705031468611434e+135], 'X_relative_errors': [3.2610560488948006e+136, 3.4177608776388333e+136, 3.1919763855676847e+136], 'Sparsity': [1.0, 1.0, 1.0], 'converged': [0, 0, 0], 'iterations': [150, 150, 150], 'primal_residual': [4.263524593810833e+138, 4.263508724653469e+138, 4.263789174870127e+138], 'dual_residual': [4.263524593810833e+138, 4.263508724653469e+138, 4.263789174870127e+138], 'times': [1.5920599878299981, 1.5967125373426825, 1.694272993830964]}",1,COMPLETE
80,80,0.9983649374287152,0.15232363211236677,2024-05-20 08:44:09.544967,2024-05-20 08:44:11.294291,0 days 00:00:01.749324,0.0003025227808295168,0.0595715220550039,0.08439666936743086,0.0251710310196065,"{'AUC_ROCs': [0.998179881558003, 0.9981103889618055, 0.9988045417663372], 'S_relative_errors': [0.1540501652554354, 0.14784998394880838, 0.1550707471328565], 'X_relative_errors': [0.9999999967662201, 0.9999999950571401, 0.9999999967341855], 'Sparsity': [0.9959836734693878, 0.9953632653061224, 0.9961714285714286], 'converged': [0, 0, 0], 'iterations': [150, 150, 150], 'primal_residual': [0.0011170118013535196, 0.0013199515290223968, 0.0011536319131895283], 'dual_residual': [0.0011170118013535196, 0.0013199515290223968, 0.0011536319131895283], 'times': [1.4389726324006915, 1.4778937308583409, 1.4589881307911128]}",1,COMPLETE
81,81,0.9984069007224265,1.603970784916708e+115,2024-05-20 08:44:11.327595,2024-05-20 08:44:13.200781,0 days 00:00:01.873186,0.11059302070693851,0.04920481327690224,0.08091401084771856,7.175905930417324,"{'AUC_ROCs': [0.998852530835686, 0.9981732571609028, 0.9981949141706911], 'S_relative_errors': [1.6068394866297065e+115, 1.6156088585481542e+115, 1.5894640095722631e+115], 'X_relative_errors': [1.0430624804287023e+116, 1.0927352152794797e+116, 1.0207279694548244e+116], 'Sparsity': [1.0, 1.0, 1.0], 'converged': [0, 0, 0], 'iterations': [150, 150, 150], 'primal_residual': [1.045035772074567e+118, 1.045002424845402e+118, 1.0452319578595605e+118], 'dual_residual': [1.045035772074567e+118, 1.045002424845402e+118, 1.0452319578595605e+118], 'times': [1.6132012396119535, 1.5870189077686518, 1.576908875722438]}",1,COMPLETE
82,82,0.9984533737897187,0.15284205507401963,2024-05-20 08:44:13.239243,2024-05-20 08:44:14.093370,0 days 00:00:00.854127,0.00015463967874712104,0.1490225349167117,0.19488095630603405,0.04796275586941015,"{'AUC_ROCs': [0.9985360408812911, 0.9982011932714482, 0.9986228872164166], 'S_relative_errors': [0.15405016550515177, 0.14784998471654895, 0.15662601500035822], 'X_relative_errors': [0.9999999975195419, 0.9999999973656377, 0.9999999976499396], 'Sparsity': [0.9962530612244898, 0.9960081632653062, 0.9964081632653061], 'converged': [1, 1, 1], 'iterations': [46, 51, 47], 'primal_residual': [0.0009917065836804791, 0.0009709522439249409, 0.0009718293459903568], 'dual_residual': [0.0009917065836804791, 0.0009709522439249409, 0.0009718293459903568], 'times': [0.44951175549067557, 0.5713828655425459, 0.4693416750524193]}",1,COMPLETE
83,83,0.996090367989146,0.04923431343730312,2024-05-20 08:44:14.130713,2024-05-20 08:44:15.814351,0 days 00:00:01.683638,0.1427293029796873,0.001450779200923454,0.0015658843866519566,0.009018329452871402,"{'AUC_ROCs': [0.995752158024722, 0.9962998848356693, 0.9962190611070464], 'S_relative_errors': [0.04843801238968902, 0.045172194137182826, 0.054092733785037504], 'X_relative_errors': [0.7780441831412347, 0.7764832671885267, 0.7836977895653128], 'Sparsity': [0.046555102040816324, 0.046587755102040815, 0.04766530612244898], 'converged': [0, 0, 0], 'iterations': [150, 150, 150], 'primal_residual': [8.779269881455868, 8.397227632851175, 8.852515867968235], 'dual_residual': [8.779269881455868, 8.397227632851175, 8.852515867968235], 'times': [1.4409174837637693, 1.41865762649104, 1.4323660512454808]}",1,COMPLETE
84,84,0.9983585896795715,0.15229083812368094,2024-05-20 08:44:15.853167,2024-05-20 08:44:17.596518,0 days 00:00:01.743351,0.013788723264770833,0.2788408859008212,0.011293700193405538,0.01967374692073609,"{'AUC_ROCs': [0.9983246518938351, 0.9980295643677585, 0.9987215527771209], 'S_relative_errors': [0.1538149232968587, 0.14757464487865, 0.15548294619553418], 'X_relative_errors': [0.9993334876592077, 0.9991886526827023, 0.9993406596221592], 'Sparsity': [0.7763591836734693, 0.7505551020408163, 0.7668326530612245], 'converged': [0, 0, 0], 'iterations': [150, 150, 150], 'primal_residual': [0.5105666118011295, 0.538766925550189, 0.5184079357112233], 'dual_residual': [0.5105666118011295, 0.538766925550189, 0.5184079357112233], 'times': [1.4458507590461522, 1.454333086963743, 1.4458946799859405]}",1,COMPLETE
85,85,0.5,0.9999999999999997,2024-05-20 08:44:17.634160,2024-05-20 08:44:18.651924,0 days 00:00:01.017764,7.891167398021698,0.01682414399036985,5.373641959573654,0.7695619586273235,"{'AUC_ROCs': [0.5, 0.5, 0.5], 'S_relative_errors': [0.9999999999999998, 0.9999999999999998, 0.9999999999999996], 'X_relative_errors': [6.509517188182669, 6.763564238983359, 6.421790129793235], 'Sparsity': [0.0, 0.0, 0.0], 'converged': [1, 1, 1], 'iterations': [69, 69, 69], 'primal_residual': [0.0005107545445046162, 0.0004966036968992072, 0.0005225755961749926], 'dual_residual': [0.0005107545445046162, 0.0004966036968992072, 0.0005225755961749926], 'times': [0.7432761171367019, 0.7537949769757688, 0.7531945719383657]}",1,COMPLETE
86,86,0.9899662970618911,0.06342502971915905,2024-05-20 08:44:18.693869,2024-05-20 08:44:20.360872,0 days 00:00:01.667003,0.020995723889372455,0.05474273045488382,12.167287280101934,0.0003721787044687489,"{'AUC_ROCs': [0.9893405600722673, 0.9917117117117117, 0.9888466194016946], 'S_relative_errors': [0.06553400449987633, 0.058376828886246034, 0.06636425577135478], 'X_relative_errors': [0.7712487825197, 0.7691547532651374, 0.7723115560780319], 'Sparsity': [0.04422040816326531, 0.04455510204081633, 0.046155102040816326], 'converged': [0, 0, 0], 'iterations': [150, 150, 150], 'primal_residual': [9.559409233804569, 9.072569841123734, 9.742767751858688], 'dual_residual': [9.559409233804569, 9.072569841123734, 9.742767751858688], 'times': [1.3881292617879808, 1.3882856108248234, 1.405945842154324]}",1,COMPLETE
87,87,0.9812238120907454,0.1001722031225976,2024-05-20 08:44:20.391333,2024-05-20 08:44:22.061659,0 days 00:00:01.670326,0.12263487922140535,0.03542698503798063,0.25428507214644613,0.0019433246118552468,"{'AUC_ROCs': [0.9803071364046974, 0.9835888187556356, 0.979775481111903], 'S_relative_errors': [0.1002265303769385, 0.09458941908345461, 0.1057006599073997], 'X_relative_errors': [0.7784012901197916, 0.7795032630252597, 0.7829820845796286], 'Sparsity': [0.04340408163265306, 0.043779591836734695, 0.04395918367346939], 'converged': [0, 0, 0], 'iterations': [150, 150, 150], 'primal_residual': [10.702534340841451, 10.11488053239499, 10.948673656647246], 'dual_residual': [10.702534340841451, 10.11488053239499, 10.948673656647246], 'times': [1.389419565210119, 1.393722859909758, 1.409985019126907]}",1,COMPLETE
88,88,0.9981524314141262,0.153201431882666,2024-05-20 08:44:22.099694,2024-05-20 08:44:22.636554,0 days 00:00:00.536860,0.0009561672806796221,0.07283219307853597,3.7477578125807636,1.1538654800341535,"{'AUC_ROCs': [0.998578360847374, 0.9983919844009891, 0.9974869489940159], 'S_relative_errors': [0.15405018203155096, 0.14785000003393753, 0.15770411358250946], 'X_relative_errors': [1.0000001042857696, 1.0000001008310422, 1.000000095419072], 'Sparsity': [0.997395918367347, 0.9973551020408163, 0.9975673469387755], 'converged': [1, 1, 1], 'iterations': [23, 23, 23], 'primal_residual': [0.0009215429000400171, 0.0009690373263632849, 0.0008873408913615222], 'dual_residual': [0.0009215429000400171, 0.0009690373263632849, 0.0008873408913615222], 'times': [0.23280034074559808, 0.2354104956611991, 0.2345446755643934]}",1,COMPLETE
89,89,0.9979029576043484,0.15301862205878883,2024-05-20 08:44:22.679966,2024-05-20 08:44:23.633808,0 days 00:00:00.953842,0.001658300802894057,0.2886548216132734,0.521990116369553,0.40692399862327944,"{'AUC_ROCs': [0.9975583507532216, 0.9972116152286273, 0.9989389068311962], 'S_relative_errors': [0.15519008657987265, 0.1478220912042617, 0.15604368839223218], 'X_relative_errors': [0.9999999976024256, 0.9999999973230659, 0.9999999976098951], 'Sparsity': [0.9965061224489796, 0.9966775510204081, 0.9965632653061225], 'converged': [1, 1, 1], 'iterations': [64, 66, 65], 'primal_residual': [0.0009797831764816914, 0.0009638136159696825, 0.0009779651135299193], 'dual_residual': [0.0009797831764816914, 0.0009638136159696825, 0.0009779651135299193], 'times': [0.6267797674518079, 0.6390407823491842, 0.624769605929032]}",1,COMPLETE
90,90,0.9985540052202704,inf,2024-05-20 08:44:23.678974,2024-05-20 08:44:25.559437,0 days 00:00:01.880463,0.0004207675780131503,16.819640246469646,0.017920480845085816,14.852163358660192,"{'AUC_ROCs': [0.9988737294346541, 0.9984492364104165, 0.9983390498157405], 'S_relative_errors': [inf, inf, inf], 'X_relative_errors': [inf, inf, inf], 'Sparsity': [1.0, 1.0, 1.0], 'converged': [0, 0, 0], 'iterations': [150, 150, 150], 'primal_residual': [inf, inf, inf], 'dual_residual': [inf, inf, inf], 'times': [1.549028877634555, 1.6061352151446044, 1.592264813138172]}",1,COMPLETE
91,91,0.9985143753849789,14915767.698393635,2024-05-20 08:44:25.589837,2024-05-20 08:44:27.486651,0 days 00:00:01.896814,1.138553088057575,0.0019899496259761095,48.071793104561124,2.1483102973112818,"{'AUC_ROCs': [0.9987613339192143, 0.9983895090478375, 0.9983922831878852], 'S_relative_errors': [14889112.613483407, 15062789.563678136, 14795400.918019364], 'X_relative_errors': [96651077.83844908, 101218526.51781817, 94642223.21272707], 'Sparsity': [1.0, 1.0, 1.0], 'converged': [0, 0, 0], 'iterations': [150, 150, 150], 'primal_residual': [3370569170.0256233, 3369762362.807929, 3368361155.4956055], 'dual_residual': [3370569170.0256233, 3369762362.807929, 3368361155.4956055], 'times': [1.6257250995840877, 1.6035848178435117, 1.6149351177737117]}",1,COMPLETE
92,92,0.9987053909728812,inf,2024-05-20 08:44:27.507422,2024-05-20 08:44:29.335951,0 days 00:00:01.828529,0.37896878490549585,11.901444662405593,0.4297241296153011,36.25587701270912,"{'AUC_ROCs': [0.9990902350323607, 0.9984044528775509, 0.9986214850087318], 'S_relative_errors': [inf, inf, inf], 'X_relative_errors': [inf, inf, inf], 'Sparsity': [1.0, 1.0, 1.0], 'converged': [0, 0, 0], 'iterations': [150, 150, 150], 'primal_residual': [inf, inf, inf], 'dual_residual': [inf, inf, inf], 'times': [1.567228754516691, 1.5950379124842584, 1.5698466370813549]}",1,COMPLETE
93,93,0.5,0.9999999999999997,2024-05-20 08:44:29.383201,2024-05-20 08:44:31.046454,0 days 00:00:01.663253,0.014776533209938525,0.0408189308265911,0.08696145580753069,1.2239117855826446e-05,"{'AUC_ROCs': [0.5, 0.5, 0.5], 'S_relative_errors': [0.9999999999999998, 0.9999999999999998, 0.9999999999999996], 'X_relative_errors': [1.7869931588152126, 1.8532391572615483, 1.7709181350246177], 'Sparsity': [0.0, 0.0, 0.0], 'converged': [0, 0, 0], 'iterations': [150, 150, 150], 'primal_residual': [60.63803340769329, 60.2152537119769, 61.19975126399414], 'dual_residual': [60.63803340769329, 60.2152537119769, 61.19975126399414], 'times': [1.3885919875465333, 1.3867546010296792, 1.3972717146389186]}",1,COMPLETE
94,94,0.9304942748917265,0.25333949761599384,2024-05-20 08:44:31.067630,2024-05-20 08:44:32.765619,0 days 00:00:01.697989,0.0010187700420801764,0.12061930513894456,0.605671051397918,1.2239117855826446e-05,"{'AUC_ROCs': [0.9291987811435741, 0.9348963029756537, 0.9273877405559515], 'S_relative_errors': [0.2548155491625745, 0.24808932211839063, 0.25711362156701634], 'X_relative_errors': [0.8784747533863961, 0.8784567559466914, 0.8728573387561926], 'Sparsity': [0.03909387755102041, 0.03937142857142857, 0.039159183673469385], 'converged': [0, 0, 0], 'iterations': [150, 150, 150], 'primal_residual': [17.55820745451567, 16.97317720540296, 17.95204686793615], 'dual_residual': [17.55820745451567, 16.97317720540296, 17.95204686793615], 'times': [1.3763131769374013, 1.4622373015154153, 1.402097043581307]}",1,COMPLETE
95,95,0.5,0.9999999999999997,2024-05-20 08:44:32.810644,2024-05-20 08:44:34.564969,0 days 00:00:01.754325,0.020995723889372455,0.05474273045488382,12.167287280101934,1.2239117855826446e-05,"{'AUC_ROCs': [0.5, 0.5, 0.5], 'S_relative_errors': [0.9999999999999998, 0.9999999999999998, 0.9999999999999996], 'X_relative_errors': [1.7875975876818124, 1.8492289595158133, 1.7695080899780486], 'Sparsity': [0.0, 0.0, 0.0], 'converged': [0, 0, 0], 'iterations': [150, 150, 150], 'primal_residual': [60.629936805083894, 60.2663084918323, 61.21902667522353], 'dual_residual': [60.629936805083894, 60.2663084918323, 61.21902667522353], 'times': [1.3768163691274822, 1.4218311801087111, 1.442963726585731]}",1,COMPLETE
96,96,0.9983531110856861,0.15270291978614822,2024-05-20 08:44:34.614460,2024-05-20 08:44:35.066340,0 days 00:00:00.451880,0.00016909211877723143,15.795607155271409,0.006325054240652941,0.40548179950614455,"{'AUC_ROCs': [0.9982318663211642, 0.9981073713005846, 0.9987200956353095], 'S_relative_errors': [0.15426488460116458, 0.14784965530782887, 0.15599421944945116], 'X_relative_errors': [0.9999976877403649, 0.9999977669642575, 0.9999976462283096], 'Sparsity': [0.9982857142857143, 0.9981632653061224, 0.9985795918367347], 'converged': [1, 1, 1], 'iterations': [16, 16, 16], 'primal_residual': [0.000601062862169214, 0.0006236722172069171, 0.0005605187271981798], 'dual_residual': [0.000601062862169214, 0.0006236722172069171, 0.0005605187271981798], 'times': [0.16382671450264752, 0.16459592967294157, 0.16433083452284336]}",1,COMPLETE
97,97,0.9987435678879878,3.90712274505353e+139,2024-05-20 08:44:35.092251,2024-05-20 08:44:37.019769,0 days 00:00:01.927518,0.006611041620321645,3.0025325862481247,0.24299646941367786,10.040260745348638,"{'AUC_ROCs': [0.9992163268445833, 0.9983914801724663, 0.9986228966469135], 'S_relative_errors': [3.9142791211119823e+139, 3.935663440895319e+139, 3.871425673153288e+139], 'X_relative_errors': [2.54091197230967e+140, 2.661930215720056e+140, 2.486166684149368e+140], 'Sparsity': [1.0, 1.0, 1.0], 'converged': [0, 0, 0], 'iterations': [150, 150, 150], 'primal_residual': [3.4977594418518434e+142, 3.497764529733208e+142, 3.497779598035363e+142], 'dual_residual': [3.4977594418518434e+142, 3.497764529733208e+142, 3.497779598035363e+142], 'times': [1.6929952336940914, 1.5837817322462797, 1.6047999348957092]}",1,COMPLETE
98,98,0.5091543883224275,0.9651567386759071,2024-05-20 08:44:37.061186,2024-05-20 08:44:38.719454,0 days 00:00:01.658268,0.0015564079283740186,0.12061930513894456,0.08696145580753069,1.2239117855826446e-05,"{'AUC_ROCs': [0.5084835630965006, 0.5076645626690712, 0.5113150392017106], 'S_relative_errors': [0.9648995185178502, 0.9738034904846105, 0.9567672070252611], 'X_relative_errors': [1.7429971820706307, 1.8096507163673334, 1.7147963491984235], 'Sparsity': [0.0007836734693877551, 0.0006938775510204082, 0.001036734693877551], 'converged': [0, 0, 0], 'iterations': [150, 150, 150], 'primal_residual': [58.837125434907996, 58.71511017271352, 58.53263246861308], 'dual_residual': [58.837125434907996, 58.71511017271352, 58.53263246861308], 'times': [1.3881722351070493, 1.4061063807457685, 1.3961291399318725]}",1,COMPLETE
99,99,0.9983413078011258,0.15253857601834708,2024-05-20 08:44:38.743485,2024-05-20 08:44:40.491578,0 days 00:00:01.748093,0.03912438178189587,0.04126151703276576,14.09352120632252,0.3589859208938508,"{'AUC_ROCs': [0.9980918210270746, 0.9982715046236945, 0.9986605977526086], 'S_relative_errors': [0.15404925809422682, 0.14784873138461502, 0.1557177385761994], 'X_relative_errors': [0.9999974303183027, 0.9999962917475383, 0.999997390838777], 'Sparsity': [0.9652081632653061, 0.9541551020408163, 0.9634612244897959], 'converged': [0, 0, 0], 'iterations': [150, 150, 150], 'primal_residual': [0.031756984446633385, 0.03632930881221554, 0.03257986887485425], 'dual_residual': [0.031756984446633385, 0.03632930881221554, 0.03257986887485425], 'times': [1.4545750368852168, 1.44840903673321, 1.450915576191619]}",1,COMPLETE
100,100,0.9986522672346108,4.352060960335541e+142,2024-05-20 08:44:40.529322,2024-05-20 08:44:42.424467,0 days 00:00:01.895145,0.013788723264770833,0.006946355652268715,0.15567558693336295,10.481256588288836,"{'AUC_ROCs': [0.9989494923376541, 0.9983326226718029, 0.9986746866943754], 'S_relative_errors': [4.359343226449832e+142, 4.3841994159575516e+142, 4.3126402385992414e+142], 'X_relative_errors': [2.8298205244869537e+143, 2.965302565207339e+143, 2.7695075114781584e+143], 'Sparsity': [1.0, 1.0, 1.0], 'converged': [0, 0, 0], 'iterations': [150, 150, 150], 'primal_residual': [4.058326584318644e+145, 4.058326065085771e+145, 4.0583320036753217e+145], 'dual_residual': [4.058326584318644e+145, 4.058326065085771e+145, 4.0583320036753217e+145], 'times': [1.588156706187874, 1.5813588581513613, 1.5756580622401088]}",2,COMPLETE
101,101,0.9987625194783831,inf,2024-05-20 08:44:42.447626,2024-05-20 08:44:44.335690,0 days 00:00:01.888064,0.37896878490549585,0.5642235093329396,4.790779057890872,36.25587701270912,"{'AUC_ROCs': [0.9990298180985201, 0.9987096437444302, 0.9985480965921993], 'S_relative_errors': [inf, inf, inf], 'X_relative_errors': [inf, inf, inf], 'Sparsity': [1.0, 1.0, 1.0], 'converged': [0, 0, 0], 'iterations': [150, 150, 150], 'primal_residual': [inf, inf, inf], 'dual_residual': [inf, inf, inf], 'times': [1.5846028118394315, 1.6197126829065382, 1.5914103188551962]}",2,COMPLETE
102,102,0.9955968822062214,0.03575841516382656,2024-05-20 08:44:44.385521,2024-05-20 08:44:46.076330,0 days 00:00:01.690809,0.5426510135871834,0.5642235093329396,0.006325054240652941,0.022470539602800804,"{'AUC_ROCs': [0.9952116452041279, 0.9962124049545618, 0.9953665964599748], 'S_relative_errors': [0.03557180141739597, 0.03422521202143847, 0.03747823205264524], 'X_relative_errors': [0.7645592114422367, 0.7646613029797268, 0.7652460803002364], 'Sparsity': [0.044873469387755105, 0.045012244897959186, 0.045477551020408166], 'converged': [0, 0, 0], 'iterations': [150, 150, 150], 'primal_residual': [9.015780642669318, 8.604095659593007, 9.195583816281337], 'dual_residual': [9.015780642669318, 8.604095659593007, 9.195583816281337], 'times': [1.3997713467106223, 1.4171133588533849, 1.4123059632256627]}",2,COMPLETE
103,103,0.9988894159189673,0.0030600732913697343,2024-05-20 08:44:46.123601,2024-05-20 08:44:47.956697,0 days 00:00:01.833096,0.268716716966916,0.03403530959033758,14.09352120632252,0.20635516305384982,"{'AUC_ROCs': [0.9990863223770555, 0.9987871710909454, 0.9987947542889009], 'S_relative_errors': [0.0032465731923562633, 0.002999889116772543, 0.002933757564980397], 'X_relative_errors': [0.021937758873726454, 0.02119538414885489, 0.01958868977559319], 'Sparsity': [0.07834285714285714, 0.07924081632653061, 0.07823673469387755], 'converged': [0, 0, 0], 'iterations': [150, 150, 150], 'primal_residual': [0.0889102938932879, 0.09707942277509879, 0.08905081297343552], 'dual_residual': [0.0889102938932879, 0.09707942277509879, 0.08905081297343552], 'times': [1.4906950609292835, 1.4974895275663584, 1.5457493364810944]}",2,COMPLETE
104,104,0.9983353116248886,0.15253914577498717,2024-05-20 08:44:47.989796,2024-05-20 08:44:48.427166,0 days 00:00:00.437370,0.0003025227808295168,0.0595715220550039,0.08439666936743086,0.475389745657026,"{'AUC_ROCs': [0.9984304325010791, 0.9984447156021989, 0.9981307867713879], 'S_relative_errors': [0.1540495740565276, 0.14784979585887015, 0.15571806740956373], 'X_relative_errors': [0.9999961570946636, 0.999998719373938, 0.9999961379078544], 'Sparsity': [0.9978040816326531, 0.997404081632653, 0.9976244897959183], 'converged': [1, 1, 1], 'iterations': [17, 16, 17], 'primal_residual': [0.0009506307206527318, 0.0009982411707639767, 0.0009723702669701414], 'dual_residual': [0.0009506307206527318, 0.0009982411707639767, 0.0009723702669701414], 'times': [0.1710074816364795, 0.16636600741185248, 0.1754415628965944]}",2,COMPLETE
105,105,0.5,0.9999999999999997,2024-05-20 08:44:48.480190,2024-05-20 08:44:50.199128,0 days 00:00:01.718938,0.013788723264770833,0.006946355652268715,0.011293700193405538,1.0540938035789519e-05,"{'AUC_ROCs': [0.5, 0.5, 0.5], 'S_relative_errors': [0.9999999999999998, 0.9999999999999998, 0.9999999999999996], 'X_relative_errors': [1.7898193328602348, 1.8511380939125013, 1.7739874182489295], 'Sparsity': [0.0, 0.0, 0.0], 'converged': [0, 0, 0], 'iterations': [150, 150, 150], 'primal_residual': [60.60014266731561, 60.242022037230676, 61.15771982121679], 'dual_residual': [60.60014266731561, 60.242022037230676, 61.15771982121679], 'times': [1.4486405916977674, 1.3903933013789356, 1.4031983746681362]}",2,COMPLETE
106,106,0.9985875181916297,1.3956215691162063e+28,2024-05-20 08:44:50.234577,2024-05-20 08:44:52.774580,0 days 00:00:02.540003,0.0033704759260430174,17.18187172924099,0.15567558693336295,2.5925908476244874,"{'AUC_ROCs': [0.9987840725213276, 0.9982383658616628, 0.9987401161918987], 'S_relative_errors': [1.3920174536221218e+28, 1.4043328710026922e+28, 1.3905143827238054e+28], 'X_relative_errors': [9.036130802464767e+28, 9.498363257912513e+28, 8.891233250032824e+28], 'Sparsity': [1.0, 1.0, 1.0], 'converged': [0, 0, 0], 'iterations': [150, 150, 150], 'primal_residual': [3.6392239224743424e+30, 3.651516018805257e+30, 3.6535015861577496e+30], 'dual_residual': [3.6392239224743424e+30, 3.651516018805257e+30, 3.6535015861577496e+30], 'times': [1.726461800513789, 2.195891172159463, 1.7829530478920788]}",2,COMPLETE
107,107,0.9983368374049841,0.15253941099788956,2024-05-20 08:44:52.804018,2024-05-20 08:44:53.325785,0 days 00:00:00.521767,0.0004207675780131503,0.1490225349167117,0.19488095630603405,0.9944502977509659,"{'AUC_ROCs': [0.9983994748851862, 0.9981805137340786, 0.9984305235956876], 'S_relative_errors': [0.15404998321464108, 0.14784979758706285, 0.15571845219196473], 'X_relative_errors': [0.9999988118973615, 0.9999987297753334, 0.9999986075022866], 'Sparsity': [0.9983265306122449, 0.997730612244898, 0.9986204081632654], 'converged': [1, 1, 1], 'iterations': [19, 19, 19], 'primal_residual': [0.000619015435997831, 0.0007243062578557413, 0.0005701630807067965], 'dual_residual': [0.000619015435997831, 0.0007243062578557413, 0.0005701630807067965], 'times': [0.2021427694708109, 0.22184045147150755, 0.19735672301612794]}",2,COMPLETE
108,108,0.9982794027515528,0.14752253933461568,2024-05-20 08:44:53.347274,2024-05-20 08:44:55.241047,0 days 00:00:01.893773,0.017313237746777257,3.0025325862481247,0.33627297861170136,0.007894035371795324,"{'AUC_ROCs': [0.9983464413164771, 0.9981425177248082, 0.998349249213373], 'S_relative_errors': [0.1490631553251403, 0.14256255906974977, 0.15094190360895698], 'X_relative_errors': [0.9860176517887803, 0.9845466482499255, 0.98673204924924], 'Sparsity': [0.42866122448979593, 0.3734612244897959, 0.44626122448979594], 'converged': [0, 0, 0], 'iterations': [150, 150, 150], 'primal_residual': [2.334269551574393, 2.337923552248806, 2.3165643994880325], 'dual_residual': [2.334269551574393, 2.337923552248806, 2.3165643994880325], 'times': [1.4291505983565003, 1.4308380745351315, 1.4393846087623388]}",2,COMPLETE
109,109,0.9984402758796874,0.15253945421078444,2024-05-20 08:44:55.294066,2024-05-20 08:44:55.803524,0 days 00:00:00.509458,0.0005972515529175519,0.07283219307853597,3.7477578125807636,1.1538654800341535,"{'AUC_ROCs': [0.9982831111971474, 0.9987317249445744, 0.9983059914973403], 'S_relative_errors': [0.1540499963616468, 0.14784984580851063, 0.15571852046219586], 'X_relative_errors': [0.9999988980845866, 0.9999990565962824, 0.9999990469479758], 'Sparsity': [0.9980408163265306, 0.9977469387755102, 0.9981142857142857], 'converged': [1, 1, 1], 'iterations': [20, 20, 20], 'primal_residual': [0.0008379299135883509, 0.0008655918229174589, 0.0008501658846860262], 'dual_residual': [0.0008379299135883509, 0.0008655918229174589, 0.0008501658846860262], 'times': [0.20733536942861974, 0.20985710457898676, 0.20867743180133402]}",2,COMPLETE
110,110,0.9997303427672509,4.747320621347339e-06,2024-05-20 08:44:55.855820,2024-05-20 08:44:56.796796,0 days 00:00:00.940976,0.05423791459923963,0.1490225349167117,3.7477578125807636,1.1538654800341535,"{'AUC_ROCs': [0.9996386630532972, 0.9998196496390468, 0.9997327156094085], 'S_relative_errors': [4.628122261372572e-06, 3.7869618464207727e-06, 5.826877756248671e-06], 'X_relative_errors': [6.585088553465561e-05, 4.074356294274061e-05, 8.696021770585033e-05], 'Sparsity': [0.04515102040816327, 0.04528979591836735, 0.04578775510204082], 'converged': [1, 1, 1], 'iterations': [50, 63, 50], 'primal_residual': [0.0006573706229163468, 0.0005637022951597284, 0.0008910329144253676], 'dual_residual': [0.0006573706229163468, 0.0005637022951597284, 0.0008910329144253676], 'times': [0.5284800936933607, 0.6592312268912792, 0.5298865120857954]}",2,COMPLETE
111,111,0.9984549799802914,3.9072599438970026e+139,2024-05-20 08:44:56.842726,2024-05-20 08:44:58.829761,0 days 00:00:01.987035,0.005408342490162125,0.05070386188197575,0.1805681821636336,10.040260745348638,"{'AUC_ROCs': [0.9988867121091166, 0.9980312142898363, 0.9984470135419213], 'S_relative_errors': [3.914514140947438e+139, 3.936297029446278e+139, 3.8709686612972916e+139], 'X_relative_errors': [2.541064532894943e+140, 2.6623587504597415e+140, 2.485873198558642e+140], 'Sparsity': [1.0, 1.0, 1.0], 'converged': [0, 0, 0], 'iterations': [150, 150, 150], 'primal_residual': [3.497759423282092e+142, 3.4977565381352813e+142, 3.4977742303413215e+142], 'dual_residual': [3.497759423282092e+142, 3.4977565381352813e+142, 3.4977742303413215e+142], 'times': [1.5890518184751272, 1.5891703800298274, 1.6987225846387446]}",2,COMPLETE
112,112,0.9958649586901097,0.03500844325984568,2024-05-20 08:44:58.865882,2024-05-20 08:45:00.589577,0 days 00:00:01.723695,0.17115789990568656,10.216621301237177,1.6069258783862503,0.007894035371795324,"{'AUC_ROCs': [0.9951210491514709, 0.9965732059053795, 0.995900621013479], 'S_relative_errors': [0.0361217684422101, 0.03291786620206897, 0.03598569513525797], 'X_relative_errors': [0.7651451389564157, 0.7641123646686854, 0.7645211870512965], 'Sparsity': [0.04491428571428571, 0.04502857142857143, 0.04564081632653061], 'converged': [0, 0, 0], 'iterations': [150, 150, 150], 'primal_residual': [9.00839348530334, 8.60343660299671, 9.197232252034867], 'dual_residual': [9.00839348530334, 8.60343660299671, 9.197232252034867], 'times': [1.4152806249912828, 1.463237312156707, 1.4424985204823315]}",2,COMPLETE
113,113,0.5,0.9999999999999999,2024-05-20 08:45:00.611570,2024-05-20 08:45:02.321817,0 days 00:00:01.710247,12.466439787648527,14.326838948137306,0.15266882176814706,0.0002548793768137016,"{'AUC_ROCs': [0.5, 0.5, 0.5], 'S_relative_errors': [0.9999999999999998, 0.9999999999999998, 1.0], 'X_relative_errors': [1.787843185279884, 1.8516601904840002, 1.7917130976550035], 'Sparsity': [0.0, 0.0, 0.0], 'converged': [0, 0, 0], 'iterations': [150, 150, 150], 'primal_residual': [60.626645820958025, 60.23537427918994, 61.74883773836862], 'dual_residual': [60.626645820958025, 60.23537427918994, 61.74883773836862], 'times': [1.4642983784433454, 1.4265648766886443, 1.40299351233989]}",2,COMPLETE
114,114,0.9982148137368058,0.15253591981284828,2024-05-20 08:45:02.341470,2024-05-20 08:45:04.110150,0 days 00:00:01.768680,0.004219362776642754,0.0595715220550039,0.22463813939540794,0.0251710310196065,"{'AUC_ROCs': [0.9984241319265242, 0.9976869457124364, 0.9985333635714566], 'S_relative_errors': [0.15404680243014882, 0.14784582124939485, 0.15571513575900117], 'X_relative_errors': [0.9999905117734897, 0.9999877447916854, 0.9999900884832109], 'Sparsity': [0.9469632653061224, 0.936538775510204, 0.9409306122448979], 'converged': [0, 0, 0], 'iterations': [150, 150, 150], 'primal_residual': [0.06117170349577035, 0.06629506899577607, 0.06350520132952023], 'dual_residual': [0.06117170349577035, 0.06629506899577607, 0.06350520132952023], 'times': [1.4467354172375053, 1.4525284743867815, 1.5056776138953865]}",2,COMPLETE
115,115,0.998039428450253,inf,2024-05-20 08:45:04.151150,2024-05-20 08:45:06.021006,0 days 00:00:01.869856,1.0654016989283448,0.49037098159475906,0.12968651311536245,56.929073453296766,"{'AUC_ROCs': [0.9987264266663671, 0.9980414406711114, 0.9973504180132804], 'S_relative_errors': [inf, inf, inf], 'X_relative_errors': [inf, inf, inf], 'Sparsity': [1.0, 1.0, 1.0], 'converged': [0, 0, 0], 'iterations': [150, 150, 150], 'primal_residual': [inf, inf, inf], 'dual_residual': [inf, inf, inf], 'times': [1.5586526086553931, 1.5508962471503764, 1.5799120792653412]}",2,COMPLETE
116,116,0.998339708685016,0.1525392514587507,2024-05-20 08:45:06.057111,2024-05-20 08:45:06.463585,0 days 00:00:00.406474,0.000174197207550105,21.786358414748225,65.20387686204961,0.40548179950614455,"{'AUC_ROCs': [0.9981352554487941, 0.9981152230792951, 0.9987686475269586], 'S_relative_errors': [0.15404979467538896, 0.147849641324961, 0.15571831837590208], 'X_relative_errors': [0.9999975878682897, 0.9999976724499439, 0.9999977481884779], 'Sparsity': [0.9982938775510204, 0.9981714285714286, 0.9986122448979592], 'converged': [1, 1, 1], 'iterations': [16, 16, 16], 'primal_residual': [0.0006006869490999753, 0.0006459715552555818, 0.0006020154328684311], 'dual_residual': [0.0006006869490999753, 0.0006459715552555818, 0.0006020154328684311], 'times': [0.16449412982910872, 0.16569788032211363, 0.1620586379431188]}",2,COMPLETE
117,117,0.9983631625620727,0.14515063194619368,2024-05-20 08:45:06.517587,2024-05-20 08:45:08.265554,0 days 00:00:01.747967,0.15633530158438064,0.00661128895171585,0.0015279197173453476,0.06024641081536892,"{'AUC_ROCs': [0.9985677569139789, 0.9979714100114574, 0.9985503207607817], 'S_relative_errors': [0.14693570440215553, 0.13994266989007242, 0.14857352154635303], 'X_relative_errors': [0.98015047029131, 0.9770524069724857, 0.9802445318855062], 'Sparsity': [0.3392734693877551, 0.3565469387755102, 0.3787510204081633], 'converged': [0, 0, 0], 'iterations': [150, 150, 150], 'primal_residual': [2.776789015209517, 2.8473387070361755, 2.8230166555510094], 'dual_residual': [2.776789015209517, 2.8473387070361755, 2.8230166555510094], 'times': [1.4409468504600227, 1.4566865304950625, 1.4564441146794707]}",2,COMPLETE
118,118,0.5,0.9999999999999997,2024-05-20 08:45:08.291055,2024-05-20 08:45:09.936334,0 days 00:00:01.645279,0.5031188433812601,0.006946355652268715,0.0011887778264348915,0.00010111015314906164,"{'AUC_ROCs': [0.5, 0.5, 0.5], 'S_relative_errors': [0.9999999999999998, 0.9999999999999998, 0.9999999999999996], 'X_relative_errors': [1.7896651095750102, 1.8504342727512602, 1.7733584212334965], 'Sparsity': [0.0, 0.0, 0.0], 'converged': [0, 0, 0], 'iterations': [150, 150, 150], 'primal_residual': [60.60221250733046, 60.250979533246166, 61.166341729106435], 'dual_residual': [60.60221250733046, 60.250979533246166, 61.166341729106435], 'times': [1.3769388722721487, 1.4030126258730888, 1.3999290626961738]}",2,COMPLETE
119,119,0.9984982365918449,9.438492854475079e+100,2024-05-20 08:45:09.958997,2024-05-20 08:45:11.825281,0 days 00:00:01.866284,0.017313237746777257,0.0013302294000579623,0.0024908843387381864,5.945510983245233,"{'AUC_ROCs': [0.9987285659886908, 0.9984897677268226, 0.9982763760600214], 'S_relative_errors': [9.45475564815166e+100, 9.501961454278579e+100, 9.358761460994999e+100], 'X_relative_errors': [6.137452409072529e+101, 6.426758457272311e+101, 6.010044596897926e+101], 'Sparsity': [1.0, 1.0, 1.0], 'converged': [0, 0, 0], 'iterations': [150, 150, 150], 'primal_residual': [5.143805286426924e+103, 5.140128457912873e+103, 5.148007356947004e+103], 'dual_residual': [5.143805286426924e+103, 5.140128457912873e+103, 5.148007356947004e+103], 'times': [1.5934800659306347, 1.5932022102642804, 1.6106342773418874]}",2,COMPLETE
